ID_Pedido,Data,Setor,Item,Valor_Unitario,Quantidade,Entidade,Status_Financeiro,Status_Logistico
1,11/1/2025,Faturamento,Almond Milk Yogurt,35,61,Rhycero,Pendente,Em Rota
2,1/22/2026,Faturamento,Chickpea Pancakes,11,60,Thoughtstorm,Atrasado,Em Rota
3,1/3/2026,Compras,Almond Flour Bread Mix,19,92,Twinder,Pendente,Em Rota
4,4/27/2026,Faturamento,Travel Laundry Bag,29,98,Vimbo,Pendente,Aguardando
5,10/29/2025,Compras,Party Mini Dress,43,64,Zoombeat,Atrasado,Em Rota
6,4/12/2026,Faturamento,Plant-Based Cookbook,92,70,Topicshots,Atrasado,Aguardando
7,1/10/2026,Faturamento,Smoked Paprika,34,11,Vinte,Atrasado,Em Rota
8,4/20/2026,Compras,Oven Mitts with Pocket,82,3,Voolith,Pago,Em Rota
9,10/2/2025,Compras,Set of Gardening Gloves with Claws,46,37,Avamm,Pago,Entregue
10,6/1/2025,Compras,Cinnamon Rolls,40,89,Zava,Atrasado,Aguardando
11,4/24/2026,Compras,Avocado Lime Dressing,27,9,Realpoint,Pendente,Em Rota
12,10/29/2025,Compras,Wall Decals for Kids,59,7,Flipopia,Atrasado,Em Rota
13,9/20/2025,Faturamento,Pineapple Salsa,100,32,Bubbletube,Pago,Aguardando
14,12/15/2025,Compras,Veggie Burger Patties,94,82,Muxo,Atrasado,Em Rota
15,6/19/2025,Compras,Organic Black Beans,94,26,Zoovu,Pendente,Aguardando
16,1/27/2026,Compras,Coconut Oil Spray,100,8,Eayo,Atrasado,Aguardando
17,10/22/2025,Compras,Adjustable Window Blind,55,58,Yamia,Pendente,Entregue
18,8/3/2025,Compras,Air Mattress,55,27,Thoughtworks,Pago,Entregue
19,6/6/2025,Compras,Samoas Cookie Mix,17,82,Babbleblab,Pago,Aguardando
20,10/9/2025,Compras,Lemon Basil Pasta Sauce,98,59,Skyble,Pago,Entregue
21,3/31/2026,Faturamento,Dried Fruit Medley,97,65,Yoveo,Atrasado,Entregue
22,7/10/2025,Faturamento,High-Top Leather Boots,43,86,Flashspan,Pendente,Em Rota
23,8/4/2025,Compras,Ground Turkey,81,87,Zoomcast,Pendente,Em Rota
24,12/21/2025,Faturamento,Foot Massager,94,15,Avaveo,Pago,Em Rota
25,8/27/2025,Compras,Whole Grain Hamburger Buns,58,24,Plajo,Pago,Entregue
26,10/25/2025,Compras,Pet First Aid Kit,17,31,Mycat,Atrasado,Aguardando
27,10/18/2025,Compras,Electric Screwdriver,42,51,Jamia,Pendente,Aguardando
28,4/15/2026,Faturamento,Chic Ankle Strap Heels,93,90,Youspan,Pendente,Aguardando
29,11/7/2025,Faturamento,Hot Salsa,65,73,Zooveo,Pendente,Em Rota
30,12/18/2025,Faturamento,Children's Garden Tool Set,65,81,Mydo,Pago,Aguardando
31,5/22/2025,Faturamento,Digital Camera,41,82,Jatri,Pago,Entregue
32,5/18/2025,Faturamento,Falafel Mix,98,80,Gabvine,Pago,Em Rota
33,2/10/2026,Compras,Compact Refrigerator,97,12,Gevee,Pago,Entregue
34,4/24/2026,Compras,Multi-Purpose Scissors,64,42,Rhycero,Atrasado,Aguardando
35,11/15/2025,Faturamento,Travel Organizer,13,19,Skilith,Pendente,Aguardando
36,10/10/2025,Compras,Classic Caesar Dressing,75,25,Kazio,Atrasado,Aguardando
37,5/6/2025,Compras,Folding Table,82,86,Abata,Pago,Aguardando
38,2/27/2026,Faturamento,Fitness Balance Ball,90,9,JumpXS,Pago,Aguardando
39,11/10/2025,Faturamento,Bamboo Cutting Board Set,88,79,Dabtype,Pendente,Entregue
40,12/10/2025,Faturamento,Shredded Cheese,56,96,Dynava,Atrasado,Em Rota
41,11/9/2025,Compras,Coconut Flakes,7,18,Tazzy,Pendente,Entregue
42,5/3/2025,Compras,Vegetarian Stir Fry Sauce,67,94,Zoombox,Pago,Aguardando
43,5/30/2025,Compras,Dishwasher Safe Cutting Board,34,82,Flashdog,Atrasado,Entregue
44,2/13/2026,Faturamento,Customizable Photo Calendar,43,11,Oozz,Pago,Aguardando
45,2/11/2026,Faturamento,Thyme,64,49,Edgeblab,Atrasado,Aguardando
46,9/30/2025,Faturamento,Spicy Snack Mix,59,52,Abata,Atrasado,Em Rota
47,10/5/2025,Faturamento,Roasted Vegetable Medley,66,50,Blogpad,Pago,Aguardando
48,6/26/2025,Faturamento,Deep Tissue Massage Gun,37,80,Rooxo,Pendente,Aguardando
49,10/5/2025,Compras,Herb Garlic Butter,49,78,Realbuzz,Pago,Entregue
50,1/11/2026,Faturamento,Dried Cranberries,52,37,Omba,Atrasado,Entregue
51,4/14/2026,Faturamento,Smart LED Desk Lamp,3,88,Twimm,Pendente,Em Rota
52,4/8/2026,Faturamento,Teriyaki Chicken Wings,61,12,Browsebug,Pago,Aguardando
53,8/27/2025,Faturamento,Dog Training Whistle,19,92,Photojam,Pendente,Aguardando
54,1/18/2026,Compras,Apple Sauce,4,87,Cogibox,Atrasado,Em Rota
55,8/28/2025,Faturamento,Chiffon Blouse,29,98,Eimbee,Pendente,Aguardando
56,8/25/2025,Faturamento,Pepper Jack Cheese Sticks,38,9,Vimbo,Pago,Aguardando
57,7/5/2025,Faturamento,Dual Function Electric Skillet,60,65,Eare,Atrasado,Em Rota
58,9/18/2025,Faturamento,Gaming Headset,95,25,Feedbug,Atrasado,Aguardando
59,9/18/2025,Faturamento,Nutty Granola Clusters,21,95,Pixope,Pago,Entregue
60,8/31/2025,Compras,Ceramic Planter Set,29,100,Tanoodle,Atrasado,Em Rota
61,7/12/2025,Faturamento,Bamboo Utensil Set,57,63,Innojam,Pendente,Entregue
62,10/9/2025,Compras,Bluetooth Shower Speaker,34,90,Vimbo,Atrasado,Em Rota
63,10/1/2025,Compras,Baked Mac and Cheese,65,90,Vinte,Pendente,Em Rota
64,6/7/2025,Compras,Vegan Caesar Dressing,72,86,Myworks,Pendente,Aguardando
65,8/21/2025,Compras,Body Wash,75,51,Wikibox,Atrasado,Aguardando
66,3/4/2026,Faturamento,Floral Wrap Top,83,20,Vinte,Atrasado,Aguardando
67,9/8/2025,Faturamento,Fashionable Belt Bag,90,43,Kwilith,Atrasado,Aguardando
68,11/25/2025,Faturamento,Electric Screwdriver,46,81,Aivee,Pago,Aguardando
69,3/7/2026,Compras,Organic Green Lentils,10,51,Abatz,Atrasado,Em Rota
70,11/22/2025,Faturamento,Luxury Rolling Makeup Case,98,58,Edgeclub,Pendente,Em Rota
71,1/17/2026,Compras,Red Lentil Pasta,87,25,Ntags,Pago,Entregue
72,3/16/2026,Faturamento,Dish Rack,61,69,Zoombeat,Pendente,Em Rota
73,12/24/2025,Faturamento,Cacao Powder,84,52,Kaymbo,Atrasado,Entregue
74,6/5/2025,Faturamento,Smartphone Holder for Car,91,30,Fivebridge,Pago,Entregue
75,11/4/2025,Faturamento,Portable Dog Water Bottle,69,20,Eare,Pendente,Aguardando
76,6/9/2025,Compras,Italian Herb Balsamic Marinade,7,62,Jabberbean,Pago,Em Rota
77,2/15/2026,Faturamento,Thai Coconut Curry Sauce,2,73,Devify,Pendente,Aguardando
78,1/30/2026,Compras,Thermostatic Shower Valve Kit,76,82,LiveZ,Pago,Em Rota
79,8/26/2025,Faturamento,Pumpkin Ice Cream,59,31,Buzzshare,Pendente,Aguardando
80,7/29/2025,Faturamento,Utility Cargo Pants,4,57,Wikibox,Atrasado,Aguardando
81,10/30/2025,Faturamento,Digital Camera,40,25,Dabjam,Pago,Em Rota
82,10/16/2025,Compras,Sweet Corn Fritters,51,61,Fiveclub,Pendente,Entregue
83,9/11/2025,Faturamento,Coconut Almond Granola,97,63,Trunyx,Atrasado,Entregue
84,10/14/2025,Compras,Samoas Cookie Mix,86,70,Buzzdog,Pendente,Aguardando
85,6/12/2025,Compras,Nutty Quinoa Salad,86,22,Avamm,Pago,Entregue
86,8/3/2025,Compras,Wrist Support Brace,47,2,Tagchat,Pendente,Aguardando
87,1/11/2026,Faturamento,Foldable Yoga Mat,21,84,Brainbox,Pago,Em Rota
88,1/29/2026,Compras,Peanut Butter Filled Pretzels,57,83,Mynte,Atrasado,Aguardando
89,8/14/2025,Compras,Egg Noodles,87,48,Wikivu,Pago,Aguardando
90,12/28/2025,Faturamento,Premium Flashlight,28,68,Bubblebox,Pendente,Em Rota
91,3/9/2026,Faturamento,Waterproof Rain Boots,5,73,Bubbletube,Pendente,Aguardando
92,2/4/2026,Faturamento,Sriracha Honey Glaze,51,99,Demimbu,Atrasado,Aguardando
93,9/14/2025,Compras,Coconut Cream,84,40,Aimbu,Pago,Aguardando
94,1/1/2026,Faturamento,Fresh Cilantro,36,51,Eabox,Pago,Entregue
95,11/20/2025,Compras,Electric Screwdriver,63,87,Feedmix,Atrasado,Em Rota
96,11/13/2025,Compras,Garlic Naan Bread,76,1,Riffpedia,Atrasado,Aguardando
97,12/26/2025,Faturamento,Smoked Gouda Cheese,53,31,Wikivu,Atrasado,Aguardando
98,1/9/2026,Compras,Pepperoni Pizza Roll-Ups,11,83,Zoonoodle,Pago,Em Rota
99,12/8/2025,Faturamento,Lemon Basil Pasta Sauce,53,70,Jaloo,Pendente,Em Rota
100,11/1/2025,Faturamento,Fruit Medley Juice,58,96,Oyoyo,Pendente,Aguardando
101,3/5/2026,Faturamento,Salsa Verde,80,23,Bluejam,Pago,Entregue
102,2/24/2026,Compras,Cream Cheese,36,20,Yodel,Pago,Entregue
103,2/21/2026,Compras,Fitness Jump Box,30,23,Bluezoom,Pendente,Aguardando
104,1/10/2026,Compras,Fitness Tracker Band,57,41,Rhycero,Atrasado,Entregue
105,6/18/2025,Compras,Couscous Mix,32,19,Skiba,Pago,Em Rota
106,9/3/2025,Compras,Laundry Detergent,62,85,Bubblebox,Pago,Entregue
107,8/20/2025,Compras,Baking Soda,30,44,Youspan,Pendente,Em Rota
108,9/11/2025,Faturamento,Digital Food Thermometer,2,31,Voonix,Atrasado,Entregue
109,12/13/2025,Compras,Bluetooth Sleep Headphones,71,80,Twitterworks,Atrasado,Em Rota
110,2/13/2026,Faturamento,Essential Oil Diffuser,55,71,Ailane,Pendente,Em Rota
111,3/6/2026,Faturamento,Gardening Tool Belt,62,88,Lazzy,Atrasado,Aguardando
112,3/17/2026,Faturamento,Silicone Wine Glasses,23,12,Jaloo,Atrasado,Entregue
113,1/19/2026,Faturamento,Italian Herbal Seasoning,85,73,Edgeify,Atrasado,Em Rota
114,3/1/2026,Compras,Portable Blender,25,12,Gigabox,Pago,Entregue
115,3/30/2026,Compras,Greek Yogurt,43,78,Omba,Pendente,Entregue
116,10/14/2025,Compras,Vanilla Protein Powder,41,66,Twitterbridge,Pago,Aguardando
117,10/27/2025,Compras,Strawberry Fruit Spread,36,6,Brainverse,Pendente,Em Rota
118,1/5/2026,Faturamento,Electric Toothbrush,2,65,Kwinu,Pago,Aguardando
119,10/29/2025,Faturamento,Hot Salsa,85,43,Livefish,Pago,Aguardando
120,3/10/2026,Compras,Frozen Broccoli,83,68,Topiczoom,Atrasado,Entregue
121,6/21/2025,Faturamento,Pretzel Bites,99,96,Yozio,Pendente,Em Rota
122,7/1/2025,Compras,Cranberry Orange Oatmeal,69,79,Flipopia,Pendente,Em Rota
123,8/3/2025,Compras,Travel Organizer,31,15,Thoughtsphere,Pago,Aguardando
124,8/25/2025,Compras,Fleece Throw Blanket,23,58,Feedspan,Pago,Aguardando
125,9/21/2025,Faturamento,Cheese Stuffed Jalapenos,2,19,Jaloo,Atrasado,Entregue
126,11/14/2025,Faturamento,Berry Smoothie Mix,39,31,Aimbu,Pago,Aguardando
127,3/27/2026,Compras,Phone Case,88,98,Minyx,Pendente,Aguardando
128,8/17/2025,Compras,Casual Sneakers,60,22,Abatz,Pago,Aguardando
129,9/16/2025,Faturamento,Insulated Lunch Box,85,27,Thoughtworks,Pendente,Entregue
130,1/5/2026,Compras,Pet Grooming Gloves,84,18,Jaloo,Pago,Aguardando
131,3/19/2026,Compras,Emergency Preparedness Kit,50,54,Tazzy,Atrasado,Em Rota
132,5/20/2025,Faturamento,Mesh Laundry Bags Set,82,15,Meedoo,Pago,Em Rota
133,3/14/2026,Compras,Mediterranean Couscous,52,94,Roomm,Atrasado,Entregue
134,12/9/2025,Compras,Wireless Smart Plug,46,13,Skiba,Atrasado,Em Rota
135,9/7/2025,Faturamento,Instant Mashed Potatoes,71,80,Twitterworks,Pago,Em Rota
136,5/29/2025,Faturamento,Sweet Potato Mash,58,1,Kaymbo,Pago,Em Rota
137,6/6/2025,Faturamento,Electric Toothbrush Holder,37,59,Fanoodle,Pendente,Em Rota
138,6/3/2025,Compras,Mixed Berry Smoothie Pack,100,54,Camido,Pendente,Em Rota
139,1/1/2026,Faturamento,Silicone Baking Mat,27,58,Skiba,Pago,Entregue
140,8/15/2025,Compras,Buffalo Style Cauliflower Bites,84,24,Twitterworks,Pendente,Em Rota
141,5/10/2025,Compras,Honey Garlic Shrimp,64,54,Blogpad,Atrasado,Em Rota
142,5/5/2025,Compras,Portable Hammock,38,23,Photolist,Pago,Entregue
143,8/12/2025,Faturamento,Leather Notebook Cover,58,56,Agimba,Pendente,Aguardando
144,11/21/2025,Faturamento,Portable Refrigerator Freezer,93,50,Jayo,Pago,Em Rota
145,11/6/2025,Faturamento,Beef Tacos,53,50,Tagpad,Pago,Em Rota
146,9/30/2025,Faturamento,Electric Wine Opener,6,52,Gabspot,Pendente,Em Rota
147,10/31/2025,Compras,Protein Powder,91,33,Mynte,Pendente,Entregue
148,12/30/2025,Compras,Smartphone Camera Lens Kit,27,38,Realmix,Atrasado,Aguardando
149,12/24/2025,Compras,Pasta Salad Kit,38,82,Chatterpoint,Pendente,Aguardando
150,2/24/2026,Compras,Kombucha Drink,1,65,Twitterbridge,Pendente,Em Rota
151,7/12/2025,Faturamento,Frozen Hash Browns,32,88,Photospace,Pago,Entregue
152,4/2/2026,Compras,Quinoa & Black Bean Salad,79,94,Meevee,Atrasado,Entregue
153,3/20/2026,Faturamento,Hummus,66,58,Avamba,Pago,Em Rota
154,10/7/2025,Compras,Kids' STEM Robotics Kit,11,17,Voonder,Pago,Aguardando
155,11/15/2025,Faturamento,Sports Windbreaker,100,29,Tavu,Atrasado,Entregue
156,8/12/2025,Faturamento,Blackberry Jam,75,52,Dabjam,Atrasado,Em Rota
157,4/7/2026,Faturamento,Dog Waste Bag Dispenser,5,1,Blogtags,Atrasado,Em Rota
158,7/24/2025,Compras,Rustic Wooden Picture Frame,73,72,Gigaclub,Atrasado,Aguardando
159,4/22/2026,Faturamento,Wooden Blocks,44,35,Gigaclub,Pago,Em Rota
160,2/28/2026,Compras,Kids' Building Blocks,58,99,Camimbo,Pago,Em Rota
161,5/10/2025,Faturamento,Gingerbread House Kit,45,78,Midel,Atrasado,Entregue
162,4/10/2026,Compras,Potting Soil,37,29,Muxo,Atrasado,Entregue
163,12/5/2025,Compras,Low-Fat Yogurt,10,91,Photojam,Pago,Em Rota
164,11/12/2025,Compras,Throw Pillow Covers,4,27,Zooxo,Pago,Aguardando
165,3/31/2026,Faturamento,Vanilla Pudding Mix,45,73,Twitterlist,Atrasado,Em Rota
166,7/5/2025,Faturamento,Balsamic Salad Dressing,52,17,Kimia,Pago,Aguardando
167,8/30/2025,Compras,Spinach and Ricotta Ravioli,90,35,Realblab,Atrasado,Aguardando
168,8/14/2025,Compras,Portable Blender,43,49,Dablist,Atrasado,Aguardando
169,4/4/2026,Faturamento,Chocolate Hazelnut Spread,85,27,Zoonoodle,Pago,Entregue
170,10/10/2025,Compras,Sweet and Sour Sauce,3,79,Brightbean,Pendente,Em Rota
171,4/20/2026,Compras,Mechanical Keyboard,68,25,Browsedrive,Pendente,Em Rota
172,1/21/2026,Faturamento,Wrap Front Midi Skirt,43,34,Brainsphere,Atrasado,Aguardando
173,8/1/2025,Compras,Pet First Aid Kit,75,49,Vinte,Atrasado,Em Rota
174,4/19/2026,Faturamento,Essential Oil Diffuser,65,93,Babbleset,Pendente,Em Rota
175,3/9/2026,Faturamento,Smart Wi-Fi Camera,86,26,Skidoo,Pago,Entregue
176,6/6/2025,Compras,Fresh Basil Pesto,4,76,Avamba,Pago,Entregue
177,4/20/2026,Faturamento,Vanilla Almond Granola,46,85,Gabcube,Atrasado,Aguardando
178,1/1/2026,Faturamento,Wireless Printer,67,100,Centidel,Pendente,Aguardando
179,8/11/2025,Compras,Portable Blender,59,94,Edgepulse,Pendente,Entregue
180,9/2/2025,Faturamento,Outdoor Picnic Blanket,35,59,Jabbercube,Atrasado,Aguardando
181,8/24/2025,Compras,Kids' STEM Robotics Kit,72,14,Zoomdog,Pago,Aguardando
182,8/29/2025,Compras,Multicolored LED Strip Lights,91,19,Yombu,Pendente,Em Rota
183,10/24/2025,Faturamento,Spicy Tuna Rolls,53,8,Yakitri,Pendente,Aguardando
184,10/13/2025,Faturamento,Turkey Bacon,20,58,Kare,Pago,Em Rota
185,10/19/2025,Compras,Blueberry Muffin Mix,68,17,Meevee,Pago,Aguardando
186,1/17/2026,Faturamento,Spicy BBQ Sauce,2,5,Mydo,Pendente,Em Rota
187,10/11/2025,Faturamento,Nature Explorer Lens Kit,14,11,Photolist,Pago,Aguardando
188,5/25/2025,Faturamento,Luxury Memory Foam Mattress Topper,63,45,Mycat,Pago,Entregue
189,3/25/2026,Compras,Dark Chocolate Covered Almonds,93,17,Mynte,Pago,Aguardando
190,12/29/2025,Faturamento,Italian Meatballs,69,46,Roodel,Pago,Entregue
191,9/27/2025,Compras,Bodyweight Resistance Bands,30,62,Aivee,Pendente,Em Rota
192,11/15/2025,Compras,Action Camera,66,34,Voolith,Atrasado,Entregue
193,1/14/2026,Compras,Brown Sugar,13,11,Mycat,Atrasado,Em Rota
194,11/17/2025,Compras,Paprika,83,99,Plambee,Atrasado,Em Rota
195,8/14/2025,Faturamento,Organic Quinoa Salad,14,28,Tagpad,Pago,Aguardando
196,1/6/2026,Compras,Water Bottle,46,46,Quimba,Pendente,Em Rota
197,4/27/2026,Compras,Vegetarian Stir Fry Sauce,41,64,Skyndu,Atrasado,Aguardando
198,9/18/2025,Compras,Organic Granola,11,77,Kazu,Pago,Entregue
199,8/10/2025,Compras,Crispy Tofu Bites,23,46,Digitube,Pago,Entregue
200,2/21/2026,Compras,Electric Razor,43,25,Rhyzio,Pago,Entregue
201,7/8/2025,Compras,Wireless Wi-Fi Extender,83,52,Yodel,Pendente,Entregue
202,9/28/2025,Compras,Maple Pecan Granola,62,67,Vidoo,Pago,Em Rota
203,8/18/2025,Compras,Window Bird Feeder,85,24,Thoughtbeat,Pendente,Entregue
204,9/19/2025,Compras,Adjustable Kneeling Pad,80,67,Fanoodle,Pago,Em Rota
205,6/10/2025,Compras,Vanilla Pudding Mix,53,26,Browsecat,Pago,Entregue
206,6/23/2025,Faturamento,Sweet Chili Sauce,80,100,Pixoboo,Pendente,Aguardando
207,9/27/2025,Compras,Sturdy Bookends,57,38,Skyba,Pago,Aguardando
208,12/22/2025,Compras,Dog Walking Waist Pack,91,36,Meeveo,Pendente,Em Rota
209,6/30/2025,Compras,Pumpkin Spice Creamer,15,38,Photobug,Atrasado,Em Rota
210,2/2/2026,Compras,Coconut Bowls Set,82,100,Jetwire,Atrasado,Em Rota
211,11/3/2025,Faturamento,Black Bean Spaghetti,57,18,Eamia,Pendente,Aguardando
212,6/11/2025,Compras,Basil Pesto Pasta,46,33,Innojam,Pago,Em Rota
213,2/24/2026,Compras,Chili Lime Seasoning,75,73,Quinu,Pago,Em Rota
214,9/16/2025,Faturamento,Inflatable Paddle Board,12,20,Vipe,Pendente,Aguardando
215,12/30/2025,Faturamento,Reusable Silicone Food Storage Bags,5,89,Meetz,Pendente,Em Rota
216,3/7/2026,Compras,Vegetable Medley,20,46,Topdrive,Pago,Aguardando
217,1/29/2026,Compras,Eggs (dozen),92,76,Riffwire,Atrasado,Em Rota
218,11/20/2025,Faturamento,Plaid Flannel Shirt,11,45,Devify,Pendente,Em Rota
219,10/18/2025,Compras,Smart Wi-Fi Camera,4,100,Wikibox,Pendente,Aguardando
220,3/21/2026,Compras,Pet Waterer with Filtration,34,45,Thoughtstorm,Atrasado,Entregue
221,9/7/2025,Faturamento,Strawberry Fruit Spread,75,3,Jayo,Pendente,Aguardando
222,1/19/2026,Faturamento,Tuna Fish (canned),70,72,Zoomcast,Pago,Aguardando
223,7/11/2025,Compras,Chickpea Pancakes,30,23,Jaxspan,Pendente,Entregue
224,5/23/2025,Faturamento,Fashionable Belt Bag,28,97,Bluezoom,Atrasado,Entregue
225,8/24/2025,Compras,Pet Water Fountain,44,13,Blogtags,Pendente,Entregue
226,1/1/2026,Faturamento,Balsamic Glazed Brussels Sprouts,10,91,Riffpedia,Pago,Aguardando
227,4/7/2026,Faturamento,Avocado Oil,91,21,Meemm,Atrasado,Aguardando
228,6/2/2025,Compras,Beach Cover-Up,53,60,Jamia,Pendente,Entregue
229,11/26/2025,Compras,Scent Diffuser Oil,2,35,Skimia,Pago,Aguardando
230,9/4/2025,Compras,Vegetable Samosas,49,52,Edgepulse,Atrasado,Aguardando
231,12/8/2025,Faturamento,Chocolate Covered Pretzels,84,43,Jabberstorm,Pendente,Em Rota
232,5/7/2025,Faturamento,Reclining Camping Chair,94,46,Oba,Pago,Entregue
233,1/12/2026,Compras,Caramelized Onion Dip Mix,45,62,Skinder,Pendente,Entregue
234,3/14/2026,Compras,Adjustable Resistance Bands,62,2,Jazzy,Pendente,Entregue
235,8/24/2025,Faturamento,Flavored Rice Cakes,12,84,Skalith,Atrasado,Em Rota
236,8/23/2025,Faturamento,Pepperoni Pizza Roll-Ups,34,10,Skinix,Pendente,Entregue
237,11/7/2025,Faturamento,Teriyaki Chicken Wings,44,79,Agimba,Atrasado,Em Rota
238,5/15/2025,Compras,Shower Curtain Hooks,14,58,Oozz,Atrasado,Aguardando
239,11/8/2025,Compras,Craft Beer Mustard,52,33,Rhyzio,Pago,Aguardando
240,11/22/2025,Compras,Pumpkin Seeds,1,11,Mybuzz,Atrasado,Entregue
241,8/1/2025,Compras,Kale Salad Kit,14,88,Janyx,Pendente,Entregue
242,7/12/2025,Compras,Fitness Resistance Bands Kit,61,20,Skivee,Atrasado,Entregue
243,10/25/2025,Compras,Lemon Herb Grilled Chicken,91,51,Pixope,Pendente,Aguardando
244,11/17/2025,Compras,Cocktail Shaker and Mixing Glass Set,36,13,Oloo,Atrasado,Em Rota
245,2/14/2026,Compras,Tomato Basil Pasta Sauce,26,89,Ozu,Atrasado,Aguardando
246,10/25/2025,Faturamento,Spicy Vegetable Sushi Rolls,3,45,Jabberbean,Pendente,Entregue
247,4/29/2026,Compras,Vegetable Curry,19,42,Ailane,Pendente,Em Rota
248,4/4/2026,Faturamento,Portable Solar Camp Shower,53,51,Avavee,Pago,Entregue
249,12/11/2025,Faturamento,Bock Beer Mustard,69,29,Devpoint,Pendente,Entregue
250,8/15/2025,Faturamento,Children's Science Experiment Lab Kit,41,30,Twitterlist,Atrasado,Entregue
251,12/25/2025,Faturamento,Kids Tablet,46,56,Wikizz,Pendente,Em Rota
252,5/30/2025,Compras,Savory Oats,63,94,Voonte,Pendente,Em Rota
253,2/5/2026,Compras,Car Phone Mount,4,87,Gigazoom,Pendente,Em Rota
254,3/1/2026,Compras,Outdoor Picnic Blanket,62,93,Yotz,Pago,Entregue
255,6/1/2025,Compras,Savory Oatmeal Cups,95,60,Quire,Atrasado,Entregue
256,2/24/2026,Compras,Car Trash Can,1,70,Rhyloo,Pendente,Aguardando
257,3/14/2026,Compras,Ice Cream,94,3,Centimia,Pago,Em Rota
258,12/1/2025,Compras,Multi-Port USB Hub,57,98,Photobug,Pago,Aguardando
259,5/19/2025,Faturamento,Buffalo Cauliflower Bites,45,55,Skidoo,Pago,Entregue
260,12/12/2025,Faturamento,Computer Monitor Stand,9,47,Cogilith,Pago,Em Rota
261,5/13/2025,Compras,Artisan Bread,91,86,Skajo,Pendente,Em Rota
262,11/25/2025,Faturamento,Nordic Berry Smoothie,75,74,Thoughtsphere,Atrasado,Aguardando
263,2/18/2026,Faturamento,Asian Noodle Salad Kit,20,91,Shuffledrive,Pendente,Aguardando
264,12/21/2025,Faturamento,Collapsible Folding Chair,57,55,Avaveo,Pendente,Aguardando
265,6/27/2025,Faturamento,Nutty Granola Clusters,21,17,Eire,Atrasado,Em Rota
266,3/3/2026,Compras,Pumpkin Pie Spice,80,10,Npath,Pago,Em Rota
267,10/2/2025,Faturamento,Biodegradable Phone Case,58,25,BlogXS,Pago,Em Rota
268,11/26/2025,Faturamento,Solar String Lights,82,3,Lajo,Pendente,Aguardando
269,12/6/2025,Faturamento,Teriyaki Beef Jerky,38,91,Kamba,Pago,Aguardando
270,7/26/2025,Compras,Smoked Paprika Chicken Thighs,39,90,Vitz,Atrasado,Aguardando
271,2/3/2026,Faturamento,Mixed Nuts,32,22,Quamba,Atrasado,Entregue
272,2/2/2026,Faturamento,Honey Sesame Chicken Mix,95,63,Chatterpoint,Atrasado,Aguardando
273,8/20/2025,Compras,Basil Pesto Pasta,84,56,Realbridge,Pendente,Entregue
274,8/18/2025,Faturamento,Interactive Plush Toy,92,13,Mydo,Pendente,Em Rota
275,11/17/2025,Faturamento,Miso Dressing,9,25,Pixope,Atrasado,Em Rota
276,8/8/2025,Faturamento,Chocolate Chip Muffins,1,62,Oyoba,Pago,Entregue
277,9/12/2025,Faturamento,Salsa,17,20,Gabcube,Pago,Aguardando
278,1/9/2026,Faturamento,Sweet Potato and Chickpea Bowl,14,82,Edgeblab,Pendente,Em Rota
279,11/21/2025,Compras,Digital Stopwatch Timer,24,70,Izio,Pago,Entregue
280,11/27/2025,Compras,Portable Air Purifier,77,31,Avaveo,Atrasado,Em Rota
281,1/8/2026,Compras,Fitness Smartwatch,24,87,Bubblemix,Atrasado,Aguardando
282,9/9/2025,Faturamento,Teriyaki Chicken Stir-Fry,69,67,Roombo,Pendente,Entregue
283,5/25/2025,Compras,Lemon Pepper Seasoning,9,32,Topdrive,Pago,Aguardando
284,9/6/2025,Compras,Scent Diffuser,3,36,Meetz,Pendente,Em Rota
285,11/22/2025,Faturamento,Herb Seasoned Couscous,38,27,Quamba,Atrasado,Entregue
286,5/11/2025,Faturamento,Wooden Kitchen Utensil Set,60,91,Gabcube,Pago,Entregue
287,11/18/2025,Faturamento,Outdoor Fire Pit,32,14,Meevee,Pago,Aguardando
288,10/8/2025,Compras,Lemon Pepper Seasoning,26,30,Viva,Pago,Em Rota
289,5/11/2025,Faturamento,Stylish Combat Boots,70,7,Trunyx,Pendente,Aguardando
290,11/29/2025,Compras,Coconut Water,64,27,Kazu,Atrasado,Entregue
291,2/1/2026,Faturamento,Portable Pet Stroller,80,2,Wikivu,Pendente,Entregue
292,7/30/2025,Faturamento,Chipotle Seasoning Blend,1,51,Skimia,Atrasado,Aguardando
293,10/27/2025,Compras,Chocolate Coconut Protein Balls,73,23,Photobug,Atrasado,Aguardando
294,11/6/2025,Faturamento,Portable Air Purifier,47,32,Jayo,Atrasado,Entregue
295,8/6/2025,Compras,Pet Grooming Glove,78,60,Yotz,Pendente,Aguardando
296,2/25/2026,Compras,Buttermilk Pancakes,72,44,Eabox,Atrasado,Em Rota
297,12/1/2025,Compras,Kombucha Drink,68,22,Trilia,Pago,Aguardando
298,10/4/2025,Compras,Vegan Tacos,74,41,Yamia,Pago,Em Rota
299,4/12/2026,Faturamento,Dried Mango Slices,28,11,Gigaclub,Pendente,Aguardando
300,1/1/2026,Compras,Coconut Curry Lentil Soup,11,56,Dynava,Atrasado,Em Rota
301,6/15/2025,Faturamento,Beef Stew Meat,72,84,Dynabox,Pendente,Entregue
302,2/27/2026,Faturamento,Memory Foam Mattress Topper,91,12,Brightbean,Pendente,Aguardando
303,5/19/2025,Faturamento,Mushrooms,21,48,Jamia,Pendente,Aguardando
304,12/24/2025,Compras,Infrared Space Heater,92,81,Abatz,Atrasado,Aguardando
305,10/25/2025,Faturamento,Compressed Towel Tablets,10,51,Topicware,Pago,Aguardando
306,10/23/2025,Faturamento,Organic Granola,41,76,Tazz,Atrasado,Entregue
307,1/12/2026,Faturamento,DIY Lip Balm Making Kit,81,62,Ntag,Pendente,Aguardando
308,1/3/2026,Faturamento,Interchangeable Watch Bands,24,30,Rhynoodle,Pago,Aguardando
309,2/28/2026,Compras,Digital Wireless Meat Thermometer,56,23,Twitterbridge,Pendente,Em Rota
310,5/26/2025,Faturamento,Premium Flashlight,46,80,Photobug,Pendente,Em Rota
311,10/21/2025,Faturamento,Tomato Basil Pasta Sauce,79,53,Quimm,Pago,Entregue
312,8/19/2025,Compras,Pretzel Bites,4,95,Lazz,Pendente,Entregue
313,1/30/2026,Faturamento,Organic Black Beans,45,82,Jaxbean,Atrasado,Em Rota
314,9/29/2025,Faturamento,Oven Thermometer,7,85,Digitube,Pago,Entregue
315,5/19/2025,Compras,Portable Bluetooth Headphones,38,50,Fiveclub,Pago,Entregue
316,12/3/2025,Compras,Oven Thermometer,15,93,Edgetag,Atrasado,Aguardando
317,1/28/2026,Compras,Cheddar & Bacon Potato Skins,59,85,Brightdog,Pendente,Entregue
318,6/2/2025,Compras,Cauliflower Crust Pizza,100,54,Geba,Atrasado,Entregue
319,7/4/2025,Faturamento,Craft Beer Mustard,64,41,Oloo,Pendente,Aguardando
320,1/9/2026,Faturamento,Brown Sugar,69,44,Skipstorm,Atrasado,Aguardando
321,7/22/2025,Compras,Sliced Provolone Cheese,39,41,Livefish,Atrasado,Entregue
322,12/24/2025,Faturamento,Decorative Wall Tapestry,68,100,Camido,Atrasado,Entregue
323,2/15/2026,Faturamento,Wireless Charger,94,59,Teklist,Pendente,Aguardando
324,7/4/2025,Faturamento,Organic Quinoa Chips,67,61,Topicshots,Atrasado,Entregue
325,6/7/2025,Compras,Smart Doorbell,37,98,Topicblab,Atrasado,Entregue
326,6/30/2025,Compras,Pumpkin Puree,74,64,Yamia,Pago,Aguardando
327,12/28/2025,Compras,Bicycle Repair Kit,31,64,Fadeo,Atrasado,Entregue
328,6/25/2025,Compras,Asian Stir-Fry Kit,55,45,Shufflebeat,Pago,Entregue
329,12/1/2025,Faturamento,Pet Carrier,40,72,Voonder,Pago,Entregue
330,8/30/2025,Faturamento,Personal Blender with Travel Lid,37,67,Youbridge,Pago,Em Rota
331,4/18/2026,Compras,Jump Rope with Counter,99,31,Feedbug,Pago,Aguardando
332,12/1/2025,Compras,Juice Extractor,77,4,Innojam,Pendente,Aguardando
333,7/5/2025,Faturamento,Kids' Craft Supplies Set,11,10,Skaboo,Pendente,Aguardando
334,12/3/2025,Compras,Oven Thermometer,3,16,Voonder,Atrasado,Em Rota
335,7/20/2025,Faturamento,Legging Pants,82,22,Skivee,Atrasado,Em Rota
336,8/22/2025,Compras,Tea Set with Infuser,21,15,Topicstorm,Atrasado,Aguardando
337,8/10/2025,Compras,Eco-Friendly Notepad,81,65,Oodoo,Pendente,Em Rota
338,12/10/2025,Compras,Fettuccine Alfredo Dinner Kit,27,70,Centidel,Pago,Aguardando
339,2/9/2026,Faturamento,Sriracha Chili Sauce,25,15,Quinu,Atrasado,Aguardando
340,7/17/2025,Compras,Fitness Jump Rope with LCD Counter,12,46,Topiclounge,Pago,Entregue
341,11/27/2025,Faturamento,Stainless Steel BBQ Grill Set,96,39,Bubblemix,Pendente,Em Rota
342,3/31/2026,Faturamento,Eggs (dozen),51,43,Twitterlist,Pendente,Entregue
343,9/19/2025,Faturamento,Compact Electric Kettle,3,6,Divanoodle,Pendente,Aguardando
344,3/16/2026,Faturamento,Kale Salad Kit,10,25,Brightdog,Pago,Em Rota
345,3/31/2026,Faturamento,Terry Cloth Robe,24,43,Dabvine,Pendente,Entregue
346,10/10/2025,Compras,Car Sunshade,99,22,Dabvine,Pago,Entregue
347,10/9/2025,Compras,Handmade Leather Wallet,23,26,Zooveo,Atrasado,Entregue
348,11/20/2025,Faturamento,Peanut Butter Banana Smoothie,60,3,Myworks,Pendente,Em Rota
349,3/7/2026,Compras,Sweet Cherry Tomatoes,15,72,Edgepulse,Pago,Em Rota
350,8/7/2025,Compras,Chili Lime Shrimp,18,40,Demivee,Atrasado,Em Rota
351,3/4/2026,Compras,Video Camera,91,45,Avaveo,Pendente,Aguardando
352,10/11/2025,Faturamento,Maple Pecan Pancake Mix,89,52,Oodoo,Pago,Em Rota
353,8/6/2025,Faturamento,Thai Peanut Noodles,24,7,Eazzy,Pendente,Entregue
354,7/4/2025,Faturamento,Children's Science Experiment Lab Kit,96,37,Oyoloo,Pago,Em Rota
355,6/21/2025,Faturamento,Maple Almond Butter,45,9,Bluejam,Atrasado,Entregue
356,2/23/2026,Faturamento,Mini Indoor Herb Garden Kit,80,19,Abatz,Pago,Aguardando
357,6/29/2025,Compras,Tactical Backpack,32,38,Meejo,Pendente,Entregue
358,3/1/2026,Compras,Magnetic Phone Car Mount,93,19,Roodel,Pago,Aguardando
359,7/30/2025,Compras,Outdoor Adventure Backpack,40,11,Gabcube,Pago,Aguardando
360,7/30/2025,Faturamento,Insulated Wine Tote,26,24,Babbleblab,Atrasado,Aguardando
361,11/11/2025,Faturamento,Smoked Salmon,65,8,Rhycero,Pago,Aguardando
362,5/18/2025,Compras,Cordless Water Flosser,74,48,Twitterlist,Pago,Aguardando
363,1/22/2026,Faturamento,Instant Read Meat Thermometer,50,54,Yata,Atrasado,Em Rota
364,1/28/2026,Compras,Peanut Butter,4,35,Topicware,Atrasado,Aguardando
365,10/14/2025,Faturamento,Teriyaki Stir-Fry Sauce,61,67,Kwinu,Pago,Em Rota
366,1/10/2026,Compras,Fleece Throw Blanket,95,72,Youopia,Atrasado,Aguardando
367,9/4/2025,Faturamento,Electric Air Pump,34,10,BlogXS,Pendente,Em Rota
368,7/20/2025,Compras,Potato Wedge Seasoning,86,4,Realcube,Pendente,Aguardando
369,8/15/2025,Faturamento,Organic Spinach,43,9,Centidel,Pendente,Aguardando
370,11/15/2025,Faturamento,Spicy BBQ Sauce,1,82,Quire,Atrasado,Entregue
371,1/10/2026,Faturamento,Bamboo Cutting Board Set,80,57,Kwideo,Atrasado,Aguardando
372,6/26/2025,Compras,Garden Hose Reel,44,45,Jaxnation,Pendente,Entregue
373,12/10/2025,Faturamento,Slim Wallet,26,51,Oyope,Atrasado,Entregue
374,1/28/2026,Compras,Solar Garden Lights,7,8,Shuffledrive,Atrasado,Aguardando
375,11/21/2025,Compras,Cucumber Lime Sparkling Water,76,52,Wikido,Pendente,Em Rota
376,10/10/2025,Compras,Oven-Baked Cheese Crisps,61,22,Innojam,Pendente,Aguardando
377,2/11/2026,Faturamento,Compact Pop-Up Tent,23,51,Skyba,Atrasado,Em Rota
378,1/25/2026,Compras,Acoustic Guitar,52,36,Agivu,Atrasado,Entregue
379,6/3/2025,Compras,Wireless Game Controller,49,99,Yakijo,Atrasado,Em Rota
380,6/12/2025,Faturamento,LED Flashing Pet Collar,26,64,Fivebridge,Pendente,Entregue
381,8/27/2025,Compras,Sweetened Condensed Milk,55,42,Linklinks,Atrasado,Entregue
382,9/11/2025,Compras,Garden Hoses with Expandable Features,36,13,Kimia,Atrasado,Entregue
383,12/18/2025,Compras,Handcrafted Wooden Coasters,1,96,Kimia,Atrasado,Entregue
384,12/26/2025,Compras,Sesame Oil,53,62,Buzzster,Pendente,Em Rota
385,5/19/2025,Faturamento,Baked Mac and Cheese,54,60,Ailane,Pendente,Aguardando
386,4/30/2026,Compras,Wall-Mounted Organizer,24,40,Linklinks,Pago,Em Rota
387,11/8/2025,Compras,Coconut Milk Ice Cream,35,18,Topiczoom,Atrasado,Entregue
388,2/12/2026,Faturamento,Mixed Berry Smoothie Pack,70,8,Bluejam,Pago,Aguardando
389,12/21/2025,Faturamento,Chicken Breasts,3,5,Dabtype,Pendente,Entregue
390,9/6/2025,Faturamento,Italian Pasta,92,77,Tambee,Atrasado,Entregue
391,12/3/2025,Compras,Fresh Lemons,23,91,Trilith,Atrasado,Em Rota
392,6/4/2025,Faturamento,Tea Infuser,97,18,Zoovu,Atrasado,Aguardando
393,4/24/2026,Faturamento,Peach Halves (canned),87,58,Kwilith,Pendente,Aguardando
394,12/31/2025,Faturamento,Chocolate Mint Thins,80,62,Oba,Pago,Aguardando
395,5/6/2025,Faturamento,Canvas Tote Bag,31,77,Ozu,Pendente,Aguardando
396,1/15/2026,Compras,Whole Wheat Pasta,75,30,Zooxo,Pago,Em Rota
397,11/29/2025,Compras,Rice Cakes,41,43,Shufflebeat,Pago,Aguardando
398,12/12/2025,Faturamento,Natural Fruit Snacks,10,19,Zooveo,Atrasado,Entregue
399,3/26/2026,Faturamento,Folding Table,31,46,Oodoo,Atrasado,Em Rota
400,1/30/2026,Compras,Pasta Primavera Kit,67,18,Eamia,Pendente,Entregue
401,5/5/2025,Compras,Puzzle 3D Model Kit,62,26,Agimba,Pago,Em Rota
402,7/10/2025,Faturamento,Beet Salad,91,44,Zoomdog,Atrasado,Aguardando
403,5/5/2025,Faturamento,Kids' STEM Robotics Kit,53,61,Shuffledrive,Pendente,Em Rota
404,6/23/2025,Compras,Coffee Subscription Service,47,100,Eire,Pendente,Entregue
405,1/12/2026,Compras,Comfy Slippers,2,55,Cogibox,Atrasado,Em Rota
406,5/22/2025,Faturamento,Roasted Garlic Aioli,85,45,Demizz,Atrasado,Aguardando
407,8/27/2025,Faturamento,Fridge Magnet Set,33,31,Edgepulse,Atrasado,Entregue
408,5/18/2025,Faturamento,Hot Salsa,21,96,Oyoba,Pendente,Aguardando
409,1/19/2026,Faturamento,Organic Tomato Ketchup,49,33,Dablist,Atrasado,Entregue
410,7/26/2025,Compras,Caramel Sauce,76,71,Dabvine,Pago,Em Rota
411,4/15/2026,Faturamento,Apricot Jam,33,31,Zoovu,Pendente,Aguardando
412,12/20/2025,Compras,Italian Marinara Sauce,44,25,Roomm,Pendente,Aguardando
413,10/6/2025,Faturamento,Tabletop Fire Pit,93,93,Yodel,Pendente,Em Rota
414,6/15/2025,Faturamento,Travel Mug with Leak-Proof Lid,71,90,Zoombeat,Pendente,Em Rota
415,3/26/2026,Compras,Lemon Herb Quinoa,21,24,Blognation,Pendente,Aguardando
416,3/6/2026,Compras,Baked Falafel Balls,51,63,Yotz,Pendente,Em Rota
417,8/14/2025,Faturamento,Miso Dressing,70,70,Yamia,Pago,Aguardando
418,11/23/2025,Faturamento,Pet Grooming Scissors,57,46,Youopia,Atrasado,Entregue
419,11/23/2025,Compras,Maple Breakfast Sausage,80,12,Gabvine,Pendente,Entregue
420,4/15/2026,Compras,Multi-Cooker,49,37,Flipbug,Pago,Aguardando
421,12/25/2025,Faturamento,Himalayan Pink Salt,81,42,Yodel,Pendente,Entregue
422,5/25/2025,Faturamento,Granola Cereal,42,99,Blogtag,Pendente,Em Rota
423,10/14/2025,Compras,Organic Quinoa Chips,20,21,Teklist,Atrasado,Em Rota
424,5/17/2025,Faturamento,Tropical Fruit Bowl,50,81,Skinder,Pago,Em Rota
425,8/14/2025,Compras,Biodegradable Dog Waste Bags,41,38,Voonix,Atrasado,Aguardando
426,9/22/2025,Faturamento,Peach Green Tea,84,56,Jabbercube,Pendente,Entregue
427,6/8/2025,Faturamento,Smart Scale,49,61,Avaveo,Pendente,Aguardando
428,8/30/2025,Compras,Sliced Bell Peppers,60,19,Vipe,Pendente,Em Rota
429,10/12/2025,Faturamento,Over-the-Door Shoe Organizer,9,49,Geba,Atrasado,Entregue
430,5/9/2025,Compras,Tandoori Chicken Marinade,47,39,Browsetype,Pendente,Aguardando
431,1/9/2026,Compras,Wireless Wi-Fi Extender,45,5,Oyonder,Atrasado,Em Rota
432,12/25/2025,Compras,Plant-Based Meal Prep Containers,84,79,Eazzy,Pago,Em Rota
433,8/18/2025,Faturamento,Kid's Fruit Snacks,49,45,Skinte,Pago,Em Rota
434,12/11/2025,Compras,Baked Falafel Balls,42,29,Eimbee,Pago,Aguardando
435,8/25/2025,Compras,Bicycle Lock,73,78,Omba,Pendente,Entregue
436,1/7/2026,Compras,Tea Set with Infuser,4,82,Pixonyx,Pago,Entregue
437,9/21/2025,Compras,Vintage Graphic Tee,52,64,Fadeo,Pago,Em Rota
438,1/6/2026,Faturamento,LED Camping Lantern with USB Charging,95,69,Dabvine,Pago,Entregue
439,10/15/2025,Faturamento,Smart Thermostat with Wi-Fi,38,47,Voomm,Atrasado,Aguardando
440,5/24/2025,Compras,Cordless Water Flosser,83,95,Jatri,Pago,Em Rota
441,10/27/2025,Compras,Pineapple Coconut Yogurt,41,59,Jabbersphere,Pendente,Em Rota
442,6/26/2025,Compras,Lentil Vegetable Curry,27,98,Roombo,Atrasado,Aguardando
443,12/9/2025,Compras,Cauliflower Gnocchi,90,63,Edgeblab,Atrasado,Aguardando
444,9/2/2025,Compras,Maple Chipotle Glaze,3,48,Thoughtmix,Atrasado,Entregue
445,2/2/2026,Faturamento,Water Bottle,86,37,Voonix,Atrasado,Entregue
446,2/24/2026,Faturamento,Cinnamon Roll Kit,94,59,Livepath,Atrasado,Entregue
447,1/9/2026,Faturamento,Smart Water Bottle,78,68,Yakidoo,Atrasado,Entregue
448,9/25/2025,Faturamento,Chocolate Peanut Butter Cups,34,59,Oyoyo,Pendente,Aguardando
449,12/23/2025,Compras,Garlic Herb Seasoning,57,47,Izio,Atrasado,Aguardando
450,11/22/2025,Faturamento,Dark Chocolate Covered Pretzels,70,38,Tanoodle,Atrasado,Aguardando
451,2/22/2026,Faturamento,Chocolate Chip Cookie Mix,47,58,Wikivu,Pago,Em Rota
452,2/10/2026,Faturamento,Sporty Leggings,89,3,Kwideo,Pendente,Em Rota
453,2/20/2026,Compras,Ceramic Planter Set,25,79,Roomm,Pendente,Em Rota
454,1/2/2026,Faturamento,Portable Hammock with Stand,30,60,Livetube,Pendente,Em Rota
455,11/14/2025,Compras,Wooden Blocks,5,67,Abatz,Pago,Aguardando
456,6/3/2025,Compras,Honey BBQ Ribs,70,53,Topicshots,Atrasado,Aguardando
457,11/10/2025,Compras,Coconut Cream,3,85,Leenti,Pendente,Aguardando
458,12/9/2025,Compras,Children's Educational Workbook,77,12,Tagcat,Pago,Em Rota
459,1/10/2026,Faturamento,Tailgating Set,2,26,Skippad,Pendente,Em Rota
460,6/7/2025,Faturamento,Magnetic Curtain Tiebacks,1,76,Meejo,Pago,Entregue
461,11/14/2025,Compras,Camping Tent,74,60,Wordify,Atrasado,Entregue
462,3/29/2026,Faturamento,Stainless Steel Water Pitcher,94,37,Jaxspan,Pago,Aguardando
463,2/7/2026,Compras,Skincare Fridge,85,18,Babblestorm,Pendente,Entregue
464,7/23/2025,Faturamento,Yoga Wheel,82,47,Muxo,Atrasado,Entregue
465,8/21/2025,Compras,Miso Soup Starter,71,73,Devcast,Atrasado,Entregue
466,10/18/2025,Faturamento,Wooden Kitchen Utensil Set,55,12,Yakitri,Atrasado,Em Rota
467,3/5/2026,Faturamento,Electric Heating Pad,20,22,Browsebug,Atrasado,Em Rota
468,4/14/2026,Faturamento,Organic Ramen Noodles,77,76,Tagchat,Atrasado,Entregue
469,8/22/2025,Faturamento,Radish Chips,99,30,InnoZ,Pendente,Entregue
470,12/19/2025,Faturamento,Body Wash,93,72,Realbuzz,Pendente,Aguardando
471,5/5/2025,Faturamento,Teriyaki Chicken Skewers,92,97,Izio,Pendente,Em Rota
472,3/31/2026,Faturamento,Instant Camera,11,82,Buzzshare,Pago,Em Rota
473,4/14/2026,Faturamento,Buffalo Wing Sauce,41,90,Thoughtbridge,Pago,Em Rota
474,1/6/2026,Compras,Caribbean Jerk Marinade,55,91,Dabjam,Pendente,Entregue
475,8/12/2025,Compras,Margherita Pizza,58,44,Quinu,Pendente,Entregue
476,4/25/2026,Compras,Organic Black Beans,34,87,Youfeed,Pago,Aguardando
477,1/16/2026,Compras,Classic Chicken Noodle Soup,50,30,Dabfeed,Pago,Em Rota
478,6/12/2025,Faturamento,Kettle Chip Variety Pack,52,30,Zoomcast,Pendente,Em Rota
479,9/29/2025,Compras,Electric Air Pump,12,8,Aibox,Atrasado,Em Rota
480,11/21/2025,Compras,Wireless Charger Stand,68,46,Oyonder,Pendente,Em Rota
481,10/14/2025,Compras,Luxury Memory Foam Mattress Topper,9,67,Kanoodle,Pendente,Entregue
482,5/24/2025,Compras,Whole Wheat Pasta,86,81,Meedoo,Atrasado,Aguardando
483,10/16/2025,Faturamento,Smart LED Light Strip,7,73,Twitternation,Pago,Entregue
484,9/11/2025,Compras,Tuscan Bean Soup,41,52,Tagcat,Pendente,Entregue
485,4/11/2026,Compras,Black Bean & Corn Salad,92,6,DabZ,Pendente,Em Rota
486,7/3/2025,Faturamento,Inspirational Wall Art,70,87,Meejo,Pendente,Em Rota
487,2/16/2026,Faturamento,Honey Butter Popcorn,37,49,Eabox,Pendente,Entregue
488,12/13/2025,Faturamento,Noise Cancelling Ear Muffs,66,34,Flashpoint,Atrasado,Entregue
489,3/24/2026,Faturamento,Camping Lantern,33,42,Youspan,Pago,Em Rota
490,11/9/2025,Compras,Slim Wallet,81,28,Realpoint,Pendente,Aguardando
491,12/17/2025,Faturamento,Fashionable Belt Bag,42,91,Yombu,Pago,Entregue
492,12/22/2025,Compras,Bicycle Repair Kit,88,52,Yabox,Pago,Aguardando
493,9/27/2025,Compras,Fitbit Activity Tracker,21,42,Eazzy,Pago,Aguardando
494,10/6/2025,Compras,Fitness Foam Roller,3,17,Oyoyo,Atrasado,Entregue
495,10/12/2025,Compras,Mechanical Pencil Set,40,42,Pixonyx,Pago,Em Rota
496,4/2/2026,Compras,Dried Apricots,89,38,Gabtype,Pendente,Em Rota
497,1/13/2026,Compras,Infrared Thermometer,32,74,Meetz,Atrasado,Aguardando
498,3/31/2026,Compras,Insulated Coffee Mug,70,85,Jetpulse,Atrasado,Entregue
499,1/2/2026,Compras,Vegetarian Pizza,20,89,Aibox,Pago,Aguardando
500,2/9/2026,Compras,Teriyaki Sauce,54,100,Rhybox,Pendente,Em Rota
501,6/10/2025,Compras,Golf Polo Shirt,87,92,Zoomcast,Atrasado,Em Rota
502,9/8/2025,Compras,Vegan Chocolate Cake Mix,55,27,Chatterpoint,Pendente,Em Rota
503,4/14/2026,Compras,Insulated Coffee Mug,12,47,Dynabox,Atrasado,Em Rota
504,7/15/2025,Faturamento,Spicy Tuna Rolls,49,75,Chatterbridge,Pendente,Em Rota
505,9/13/2025,Compras,Raspberry Vanilla Greek Yogurt,13,83,Tagcat,Pendente,Entregue
506,2/21/2026,Compras,Wireless Earbud Silicone Covers,70,57,Flipbug,Atrasado,Entregue
507,9/23/2025,Faturamento,Water-Resistant Bluetooth Speaker,76,63,Yakijo,Pago,Em Rota
508,10/30/2025,Compras,Hiking Gaiters,31,72,Brightdog,Pago,Entregue
509,7/5/2025,Faturamento,Savory Oatmeal Cups,92,95,Tagcat,Pendente,Em Rota
510,9/20/2025,Faturamento,Carrot and Celery Sticks,9,43,Vitz,Pago,Aguardando
511,12/30/2025,Compras,Wrap Jumpsuit,71,16,Gabcube,Pago,Em Rota
512,4/4/2026,Compras,Portable Massage Table,41,66,Twitterbeat,Atrasado,Aguardando
513,7/22/2025,Faturamento,Canvas High-Top Sneakers,17,72,Dynazzy,Atrasado,Aguardando
514,4/13/2026,Compras,Cordless Electric Screwdriver,94,39,Trudeo,Pendente,Entregue
515,5/8/2025,Faturamento,Lentil Vegetable Curry,33,22,Jabberbean,Pendente,Em Rota
516,7/10/2025,Faturamento,Weighted Blanket for Adults,62,57,Quinu,Pendente,Entregue
517,5/31/2025,Compras,Puffed Rice Cake,79,63,Latz,Pendente,Aguardando
518,11/30/2025,Compras,Cranberry Citrus Sauce,85,53,Topiczoom,Pago,Entregue
519,8/24/2025,Faturamento,Cable Knit Cardigan,74,33,Skinix,Pago,Entregue
520,4/28/2026,Compras,Artisan Pickles,30,19,Realcube,Pendente,Entregue
521,7/9/2025,Compras,Luxury Bath Salts,79,61,Devify,Atrasado,Em Rota
522,5/7/2025,Faturamento,Measuring Cups Set,35,42,Leexo,Pendente,Em Rota
523,5/8/2025,Compras,Greek Yogurt Parfait,93,3,Dabshots,Pago,Entregue
524,5/8/2025,Faturamento,Induction Cooktop,49,68,Zoombox,Atrasado,Entregue
525,1/21/2026,Compras,Quinoa & Black Bean Salad,1,27,Meemm,Pago,Aguardando
526,6/9/2025,Compras,Frozen Fruit Medley,26,27,Myworks,Pago,Aguardando
527,12/5/2025,Faturamento,Portable Hammock with Stand,75,5,Voolia,Pendente,Entregue
528,9/9/2025,Faturamento,Scent Diffuser,66,98,Divavu,Atrasado,Em Rota
529,5/31/2025,Compras,Nut Butter Cups,35,75,Ooba,Atrasado,Em Rota
530,9/8/2025,Faturamento,Laptop Backpack,58,19,Muxo,Atrasado,Aguardando
531,10/14/2025,Faturamento,Portable Solar Charger,64,69,Wikibox,Atrasado,Entregue
532,7/21/2025,Faturamento,Baked Falafel Balls,76,23,Jamia,Pendente,Em Rota
533,8/16/2025,Compras,Pasta Primavera Kit,27,58,Trudeo,Pago,Entregue
534,1/11/2026,Faturamento,Insulated Lunch Bag,82,30,Lazz,Pendente,Aguardando
535,12/22/2025,Compras,Weighted Jump Rope with Counter,5,94,Dynabox,Atrasado,Entregue
536,11/22/2025,Compras,Outdoor Adventure Kit,3,16,Snaptags,Pago,Em Rota
537,10/9/2025,Compras,Chipotle Seasoning Blend,34,46,Brightdog,Atrasado,Aguardando
538,4/9/2026,Faturamento,Lemon Garlic Marinade,38,10,Topicshots,Atrasado,Entregue
539,11/28/2025,Compras,Pumpkin Spice Creamer,27,90,Buzzshare,Atrasado,Aguardando
540,5/13/2025,Compras,Sriracha Chili Sauce,43,64,Livefish,Pago,Entregue
541,11/26/2025,Faturamento,Garlic Herb Cream Cheese,83,48,Flashpoint,Atrasado,Entregue
542,8/20/2025,Faturamento,Mini Air Hockey Table,56,51,Muxo,Pendente,Em Rota
543,2/26/2026,Compras,Adjustable Bar Stools,78,61,Tagopia,Pendente,Entregue
544,3/9/2026,Compras,Coconut Milk Yogurt,81,36,Edgetag,Atrasado,Entregue
545,12/10/2025,Faturamento,Chocolate Syrup,78,47,Talane,Pago,Em Rota
546,10/28/2025,Faturamento,Coffee Subscription Service,69,62,Flashset,Pago,Em Rota
547,7/19/2025,Faturamento,Peanut Butter Pretzel Nuggets,85,67,Dabtype,Pago,Aguardando
548,9/22/2025,Compras,Durable Hiking Boots,13,33,Edgetag,Pendente,Em Rota
549,8/22/2025,Compras,Air Fryer,10,9,Youbridge,Pendente,Em Rota
550,4/11/2026,Faturamento,Bicycle Lock,26,38,Myworks,Pago,Entregue
551,9/14/2025,Compras,Baking Soda,59,1,Zoombeat,Pendente,Em Rota
552,4/1/2026,Faturamento,Travel Mug with Leak-Proof Lid,28,93,Twitterworks,Pago,Em Rota
553,10/3/2025,Faturamento,Adjustable Dumbbells,51,15,Brainlounge,Pago,Entregue
554,10/13/2025,Faturamento,Apple Pie Filling,36,57,Edgepulse,Pendente,Aguardando
555,9/25/2025,Faturamento,Skincare Fridge,40,40,Buzzster,Pendente,Em Rota
556,5/22/2025,Compras,Portable Campfire,32,32,Jaxnation,Pago,Em Rota
557,9/18/2025,Faturamento,Thai Green Curry Paste,54,13,Twitternation,Pendente,Aguardando
558,9/5/2025,Faturamento,Rustic Italian Breads,94,40,Realfire,Pendente,Aguardando
559,12/28/2025,Compras,Vegetable Lentil Soup,67,5,Kamba,Pendente,Entregue
560,2/24/2026,Faturamento,Stainless Steel Travel Mug,76,84,Jetwire,Atrasado,Aguardando
561,8/31/2025,Faturamento,LED Strip Lights with Remote Control,67,34,Yata,Pago,Entregue
562,11/26/2025,Compras,Cinnamon Sugar Tortilla Chips,10,69,Divavu,Pago,Entregue
563,9/30/2025,Compras,Chocolate Almond Milk,32,54,Edgewire,Pendente,Em Rota
564,8/19/2025,Compras,Portable Bluetooth Headphones,73,49,Gigazoom,Pago,Em Rota
565,5/1/2025,Faturamento,BBQ Sauce,21,28,Ainyx,Pago,Aguardando
566,4/1/2026,Compras,Chocolate Syrup,24,7,Fivechat,Atrasado,Entregue
567,2/27/2026,Compras,Wooden Puzzle Game,37,77,Gabtune,Pendente,Aguardando
568,1/18/2026,Faturamento,Classic Cheeseburger Mix,14,98,JumpXS,Pago,Em Rota
569,11/7/2025,Compras,Peach Mango Smoothie,45,65,Flashpoint,Atrasado,Entregue
570,6/12/2025,Faturamento,Chipotle Black Bean Burger,63,37,Oba,Atrasado,Em Rota
571,3/11/2026,Faturamento,Banana Chips,59,89,Bubblebox,Pendente,Em Rota
572,11/16/2025,Faturamento,Yoga Mat,29,60,Topicware,Atrasado,Aguardando
573,2/11/2026,Faturamento,Frozen Chicken Nuggets,32,48,Photolist,Pendente,Entregue
574,7/14/2025,Compras,Tuscan Bean Soup,41,13,Bubblemix,Pago,Entregue
575,12/5/2025,Compras,Ceramic Bakeware Set,71,8,Wikizz,Pendente,Aguardando
576,6/20/2025,Faturamento,LED Under Cabinet Lighting,50,35,Buzzshare,Atrasado,Entregue
577,10/16/2025,Faturamento,Honey Roasted Almonds,58,48,Zoombeat,Pago,Aguardando
578,9/6/2025,Faturamento,Pepperoni Pizza Rolls,99,40,Rhynyx,Atrasado,Entregue
579,10/1/2025,Faturamento,Portable Air Compressor,28,23,Meevee,Atrasado,Aguardando
580,4/27/2026,Faturamento,Organic Blueberries,59,20,Skilith,Pendente,Entregue
581,7/31/2025,Compras,Handmade Leather Wallet,70,21,Pixope,Atrasado,Em Rota
582,2/1/2026,Faturamento,Butternut Squash Ravioli,5,86,Jabbersphere,Atrasado,Em Rota
583,7/18/2025,Compras,Graphic Sweatshirt,78,66,Gabtune,Pendente,Em Rota
584,6/19/2025,Compras,Compact Shoe Rack,66,60,Bubblemix,Pendente,Aguardando
585,4/20/2026,Compras,Almond Milk,15,30,Babbleset,Pago,Aguardando
586,3/18/2026,Faturamento,Mediterranean Flatbread,31,88,Thoughtbeat,Pendente,Aguardando
587,2/14/2026,Faturamento,Kids' Art Supplies Kit,75,53,Kazu,Atrasado,Entregue
588,6/7/2025,Faturamento,Sliced Strawberries,39,87,Geba,Pago,Em Rota
589,4/25/2026,Faturamento,Peanut Butter Chocolate Chip Bars,89,82,Centidel,Pago,Entregue
590,11/7/2025,Faturamento,Wireless Range Extender,66,76,Dynabox,Pago,Entregue
591,12/4/2025,Faturamento,Inflatable Paddle Board,9,99,Dabjam,Pago,Em Rota
592,2/24/2026,Faturamento,Kitchen Knife Sharpening System,36,12,Ailane,Pago,Entregue
593,5/5/2025,Faturamento,Multi-Cooker,47,99,Miboo,Atrasado,Entregue
594,3/20/2026,Faturamento,Magnetic Curtain Tiebacks,17,12,Gabcube,Pago,Aguardando
595,10/27/2025,Faturamento,Rain Jacket,70,8,Mudo,Pendente,Em Rota
596,12/23/2025,Faturamento,Stuffed Bell Peppers,38,70,Gabcube,Atrasado,Aguardando
597,4/15/2026,Faturamento,Chocolate Chip Energy Balls,54,66,Browseblab,Pago,Aguardando
598,6/13/2025,Compras,Honey Roasted Almonds,86,30,Plajo,Pendente,Em Rota
599,12/23/2025,Compras,Potting Soil,69,90,Trudeo,Atrasado,Entregue
600,8/9/2025,Faturamento,Portable SSD,55,51,Flipbug,Pendente,Em Rota
601,10/13/2025,Compras,Nutty Trail Mix,59,44,Quire,Pendente,Aguardando
602,12/29/2025,Faturamento,Compost Bin,13,61,Edgeify,Pago,Aguardando
603,7/21/2025,Faturamento,Portable Jump Starter,14,83,Tanoodle,Atrasado,Em Rota
604,8/23/2025,Faturamento,Graphic Print Leggings,8,93,Kazio,Pendente,Entregue
605,8/29/2025,Faturamento,Maple Breakfast Sausage,83,32,Fivebridge,Pago,Em Rota
606,1/24/2026,Compras,Inflatable Party Cooler,42,81,Nlounge,Atrasado,Aguardando
607,8/15/2025,Faturamento,Personal Security Alarm Keychain,14,45,Abatz,Pendente,Aguardando
608,7/17/2025,Compras,Personalized Pet ID Tags,69,78,Pixope,Pago,Entregue
609,10/26/2025,Faturamento,Non-Stick Grill Mat,38,9,Eidel,Atrasado,Entregue
610,1/26/2026,Faturamento,Puff Pastry,66,59,Yamia,Pago,Entregue
611,3/31/2026,Compras,Aged White Cheddar Popcorn,59,36,Tagfeed,Pendente,Aguardando
612,12/10/2025,Compras,High-Pressure Handheld Shower Head,20,45,Tazzy,Pago,Entregue
613,11/21/2025,Compras,Silicone Cooking Utensils Set,45,30,Gigazoom,Pago,Em Rota
614,6/14/2025,Compras,Trackpad for Laptop,58,73,Zoovu,Pendente,Em Rota
615,1/19/2026,Faturamento,Organic Tomato Ketchup,16,5,Topicware,Pago,Entregue
616,8/13/2025,Faturamento,Honey Almond Granola Bars,24,94,Gigaclub,Atrasado,Aguardando
617,7/30/2025,Compras,Terry Cloth Robe,59,63,Muxo,Atrasado,Aguardando
618,6/4/2025,Faturamento,Pet Water Fountain,45,35,Babbleset,Atrasado,Aguardando
619,2/17/2026,Compras,Freestanding Wine Rack,3,90,Dabjam,Atrasado,Entregue
620,11/5/2025,Compras,Smart Light Switch,34,66,Wikido,Atrasado,Aguardando
621,11/18/2025,Compras,Chino Shorts,60,13,Dynabox,Atrasado,Entregue
622,8/27/2025,Faturamento,Luxe Velvet Blazer,54,64,Oyonder,Pago,Entregue
623,2/18/2026,Compras,Ripped Boyfriend Jeans,2,33,Leenti,Atrasado,Entregue
624,2/16/2026,Compras,Organic Coconut Flour,59,93,Mydo,Pendente,Aguardando
625,1/23/2026,Faturamento,Fruit Infuser Water Bottle,14,15,Thoughtstorm,Pendente,Aguardando
626,3/26/2026,Faturamento,Paint By Numbers Kit,3,92,Jatri,Atrasado,Em Rota
627,11/15/2025,Compras,Vegetable Fried Rice Mix,41,99,Kanoodle,Atrasado,Aguardando
628,6/28/2025,Faturamento,Silicone Cooking Utensils Set,97,67,Photofeed,Pago,Entregue
629,8/3/2025,Compras,Handcrafted Wooden Coasters,43,50,Topiclounge,Pendente,Em Rota
630,8/12/2025,Compras,Adjustable Kitchen Broom Stand,44,41,Twiyo,Atrasado,Entregue
631,5/4/2025,Faturamento,Chipotle Black Bean Salad,45,17,Ailane,Pendente,Entregue
632,11/11/2025,Compras,Tortilla Chips,11,8,Myworks,Pago,Aguardando
633,10/27/2025,Faturamento,Printed Maxi Skirt,7,94,Realpoint,Pago,Aguardando
634,5/14/2025,Faturamento,Oven-Baked Cheese Crisps,93,6,Wordtune,Atrasado,Entregue
635,8/9/2025,Compras,French Bread,97,45,Shuffletag,Atrasado,Em Rota
636,5/24/2025,Faturamento,Wireless Printer,50,53,Fanoodle,Atrasado,Entregue
637,12/21/2025,Compras,Gardening Tools Set,98,85,Feedbug,Pendente,Em Rota
638,12/2/2025,Compras,Chic Ankle Strap Heels,5,72,Mudo,Pago,Aguardando
639,12/28/2025,Faturamento,Buffalo Sauce,15,62,Yodel,Atrasado,Aguardando
640,7/26/2025,Faturamento,Organic Coconut Water,100,59,Devcast,Atrasado,Em Rota
641,3/30/2026,Compras,Vegetable Sushi Rolls,74,1,Flashpoint,Pago,Entregue
642,11/22/2025,Compras,Electric Wax Warmer,1,99,Rhycero,Pago,Aguardando
643,10/20/2025,Compras,Tailgating Set,57,67,Mydo,Pendente,Em Rota
644,7/8/2025,Faturamento,Portable Leaf Blower,41,24,Twimm,Pendente,Em Rota
645,10/3/2025,Faturamento,Soft Plush Throw Blanket,8,8,Oyoba,Atrasado,Em Rota
646,9/4/2025,Compras,Electric Milk Frother,71,25,Demivee,Pago,Aguardando
647,11/21/2025,Compras,Ice Pack,51,99,Wikizz,Atrasado,Entregue
648,4/8/2026,Compras,Caramel Apple Taffy,76,19,Youbridge,Atrasado,Entregue
649,3/13/2026,Faturamento,Classic Baseball Cap,85,35,Kazio,Pendente,Em Rota
650,1/3/2026,Faturamento,Gardening Gloves,25,84,Dynazzy,Pendente,Entregue
651,12/31/2025,Compras,Classic Chicken Noodle Soup,99,19,Devpulse,Atrasado,Em Rota
652,9/8/2025,Faturamento,Smartphone UV Sanitizer,63,45,Gabspot,Pago,Entregue
653,7/9/2025,Compras,Roasted Red Pepper Sauce,23,34,Mymm,Pago,Aguardando
654,9/22/2025,Faturamento,Self-Stirring Mug,95,89,Gabtune,Atrasado,Em Rota
655,7/18/2025,Compras,Smartphone Tripod,36,69,Reallinks,Pago,Em Rota
656,1/20/2026,Faturamento,Mango Sticky Rice Dessert,88,70,Zooxo,Pago,Aguardando
657,1/22/2026,Faturamento,Veggie Chips Variety Pack,74,61,Meezzy,Pago,Aguardando
658,11/8/2025,Faturamento,Smoked Paprika Chicken Thighs,1,15,Vinte,Pendente,Em Rota
659,7/7/2025,Faturamento,Biodegradable Trash Bags,74,91,Yacero,Pendente,Em Rota
660,7/2/2025,Faturamento,Mediterranean Couscous,65,91,Babbleblab,Atrasado,Em Rota
661,1/4/2026,Compras,Nut Butter Cups,55,24,Jabbersphere,Pendente,Aguardando
662,5/16/2025,Compras,Fruit and Nut Medley,13,25,Realpoint,Pendente,Entregue
663,10/25/2025,Compras,Multi-Purpose Marine Rope,49,76,Babbleset,Atrasado,Aguardando
664,12/31/2025,Faturamento,Fresh Basil Pesto,54,9,Voomm,Pago,Em Rota
665,7/2/2025,Compras,Ready-to-Eat Chili,49,54,Shufflebeat,Atrasado,Entregue
666,6/2/2025,Faturamento,Chia Seed Pudding Mix,31,62,Thoughtbeat,Pago,Entregue
667,10/7/2025,Compras,Ceramic Knife Set,98,75,Yakitri,Atrasado,Entregue
668,9/27/2025,Compras,Garden Hose Reel,99,68,Edgeblab,Pendente,Aguardando
669,10/20/2025,Compras,Pumpkin Spice Latte Mix,65,11,Dablist,Atrasado,Em Rota
670,1/31/2026,Faturamento,Tennis Racket,80,86,Aimbo,Atrasado,Em Rota
671,1/29/2026,Faturamento,Trail Mix (Deluxe),59,17,LiveZ,Pendente,Entregue
672,11/24/2025,Faturamento,Outdoor Sports Backpack,51,52,Topicware,Atrasado,Entregue
673,1/18/2026,Faturamento,Handmade Leather Wallet,54,24,Realcube,Atrasado,Entregue
674,10/6/2025,Compras,Vegetable Pizza Rolls,10,30,Zazio,Pendente,Entregue
675,3/24/2026,Faturamento,Spicy BBQ Sauce,75,41,Ntags,Pago,Aguardando
676,7/26/2025,Faturamento,Cheddar Cheese Crackers,67,94,Skinte,Pendente,Aguardando
677,5/25/2025,Faturamento,Portable Massage Gun,38,8,Aimbu,Atrasado,Entregue
678,4/18/2026,Faturamento,Egg Noodles,43,42,Devbug,Pago,Entregue
679,1/17/2026,Faturamento,Sweet and Sour Sauce,57,20,Twinte,Pago,Aguardando
680,9/4/2025,Compras,Portable UV Sterilizer,33,66,Ailane,Atrasado,Aguardando
681,1/4/2026,Compras,Cinnamon Sugar Tortilla Chips,87,63,Realblab,Atrasado,Entregue
682,4/6/2026,Compras,Sweetened Condensed Milk,8,51,Cogidoo,Pago,Entregue
683,2/17/2026,Compras,Vegetable Pizza Rolls,55,100,Thoughtstorm,Pago,Em Rota
684,11/14/2025,Compras,Leather Wallet,74,18,Realbridge,Pendente,Em Rota
685,1/9/2026,Compras,Set of Silicone Baking Molds,30,82,Pixonyx,Pago,Aguardando
686,9/2/2025,Faturamento,Organic Lentil Soup,65,15,Jazzy,Pago,Aguardando
687,10/25/2025,Compras,Thai Basil Fried Rice,65,77,Mydeo,Atrasado,Entregue
688,11/12/2025,Faturamento,Vanilla Almond Granola,25,8,Miboo,Pendente,Aguardando
689,8/11/2025,Faturamento,Multi-Function Meat Tenderizer,78,49,Yakijo,Atrasado,Entregue
690,12/6/2025,Faturamento,Blackberry Compote,95,68,Flashspan,Atrasado,Em Rota
691,1/30/2026,Faturamento,Garden Tool Belt,21,13,Bluejam,Atrasado,Aguardando
692,12/17/2025,Compras,Mini Projector,72,79,Gabcube,Atrasado,Em Rota
693,6/2/2025,Faturamento,Wireless Smart Plug,89,81,Skimia,Atrasado,Entregue
694,11/16/2025,Compras,Ceramic Planter Set,56,59,Flipstorm,Pendente,Entregue
695,4/21/2026,Faturamento,Sriracha Chili Sauce,26,61,Edgepulse,Atrasado,Entregue
696,3/24/2026,Compras,Surimi Crab Sticks,42,39,Voolith,Atrasado,Em Rota
697,4/12/2026,Compras,Organic Italian Seasoning,60,3,Midel,Atrasado,Entregue
698,3/13/2026,Compras,Zesty Cilantro Lime Dressing,91,19,Flipopia,Pago,Aguardando
699,7/25/2025,Compras,Almond Flour,74,73,Bubblebox,Pendente,Em Rota
700,10/19/2025,Compras,Self-Adhesive Wallpaper,43,45,Oozz,Pendente,Entregue
701,7/9/2025,Faturamento,Organic Coconut Flakes,86,39,Vidoo,Pago,Em Rota
702,9/5/2025,Compras,Fashionable Belt Bag,15,6,Shufflester,Atrasado,Em Rota
703,2/15/2026,Compras,Pepperoni Pizza Roll-Ups,76,75,Camimbo,Atrasado,Entregue
704,12/10/2025,Faturamento,Organic Baby Carrots,19,36,Rhyloo,Pago,Entregue
705,11/24/2025,Compras,Turmeric Ginger Tea,38,60,Jayo,Pendente,Em Rota
706,11/13/2025,Faturamento,Ginger Snaps,51,83,Npath,Pago,Em Rota
707,3/1/2026,Faturamento,Dish Soap Dispenser,27,12,LiveZ,Pago,Aguardando
708,9/20/2025,Compras,LED Flashlight,86,29,Feedfire,Pendente,Em Rota
709,1/5/2026,Faturamento,Fishing Tackle Box,9,77,Quire,Pendente,Entregue
710,8/16/2025,Faturamento,Weighted Blanket,26,60,Eabox,Pendente,Em Rota
711,11/14/2025,Faturamento,Yoga Mat,30,6,Realbridge,Pago,Aguardando
712,7/14/2025,Faturamento,Smart LED Desk Lamp,93,56,Bluezoom,Pendente,Entregue
713,10/15/2025,Compras,Cordless Water Flosser,41,40,Thoughtworks,Pendente,Entregue
714,7/3/2025,Compras,Peas (frozen),4,38,Mycat,Atrasado,Aguardando
715,10/25/2025,Compras,Berries Medley,84,53,Aibox,Atrasado,Aguardando
716,9/8/2025,Compras,Classic Baseball Cap,39,69,Oyoba,Pendente,Aguardando
717,7/9/2025,Compras,Backpacking Tent,43,59,Twiyo,Atrasado,Entregue
718,10/23/2025,Faturamento,Coconut Cream Pie,30,26,Babbleset,Pendente,Aguardando
719,12/30/2025,Faturamento,Salsa Verde,71,41,Gigazoom,Pago,Entregue
720,11/21/2025,Faturamento,Handcrafted Wooden Jewelry Box,71,41,Dabfeed,Pago,Entregue
721,2/19/2026,Faturamento,Pet Carrier Backpack,88,12,Centidel,Pendente,Entregue
722,6/9/2025,Compras,Pineapple Coconut Yogurt,69,89,Camimbo,Atrasado,Entregue
723,4/26/2026,Faturamento,Chickpea Flour,54,90,Skilith,Atrasado,Entregue
724,10/26/2025,Faturamento,Tailgating Set,14,61,Buzzbean,Pago,Em Rota
725,10/27/2025,Faturamento,Desk Lamp with USB Port,94,21,Wikivu,Pendente,Em Rota
726,9/7/2025,Compras,Bodyweight Resistance Bands,33,87,Meevee,Pago,Em Rota
727,3/10/2026,Compras,Smashed Avocado with Lime,73,74,Realfire,Pago,Aguardando
728,4/6/2026,Compras,Vanilla Almond Granola,37,97,Eare,Pendente,Em Rota
729,11/3/2025,Faturamento,Bluetooth Car Adapter,21,17,Trilia,Pendente,Entregue
730,7/21/2025,Faturamento,Wrap Front Midi Skirt,69,4,Cogilith,Atrasado,Entregue
731,2/1/2026,Compras,Smart Scale,79,5,Fadeo,Pendente,Em Rota
732,3/24/2026,Compras,Smart Wi-Fi Camera,96,82,Quimba,Pago,Aguardando
733,5/31/2025,Compras,Vegan Mac & Cheese,59,28,Chatterbridge,Atrasado,Em Rota
734,9/12/2025,Faturamento,Beef Taco Skillet,64,46,Oyoba,Atrasado,Aguardando
735,1/10/2026,Faturamento,Screen Cleaning Kit,38,73,Brainsphere,Pendente,Em Rota
736,8/6/2025,Faturamento,Cauliflower Pizza Crust,50,60,Yakidoo,Pendente,Aguardando
737,3/3/2026,Compras,Scented Candles,79,7,Gabtype,Atrasado,Em Rota
738,2/21/2026,Faturamento,Maple Syrup,11,35,Zoomzone,Pendente,Aguardando
739,5/6/2025,Faturamento,LED Strip Lights Kit,39,66,Roombo,Pago,Aguardando
740,8/16/2025,Faturamento,Cacao Powder,4,38,Devbug,Pendente,Entregue
741,1/27/2026,Compras,Gardening Kneeler and Seat,61,8,Realcube,Pendente,Em Rota
742,8/13/2025,Faturamento,Nut Mix,8,83,Ozu,Atrasado,Em Rota
743,5/27/2025,Compras,Spice Rack,44,37,Livepath,Atrasado,Em Rota
744,10/7/2025,Compras,Oven-Baked Potato Chips,4,65,Feedbug,Pago,Entregue
745,9/18/2025,Faturamento,Fitness Jump Box,60,65,Geba,Pago,Entregue
746,8/6/2025,Compras,Classic White T-Shirt,25,10,Kazio,Pago,Entregue
747,2/21/2026,Compras,Screen Cleaning Kit,69,22,Avavee,Pendente,Entregue
748,1/4/2026,Faturamento,Kettle Corn Popcorn,42,69,Eazzy,Pago,Entregue
749,6/19/2025,Compras,Teriyaki Chicken Wings,39,38,Realbuzz,Atrasado,Entregue
750,9/18/2025,Compras,Portable Hammock Swing,40,31,Feedspan,Pago,Em Rota
751,8/10/2025,Faturamento,Stainless Steel BBQ Grill Set,18,35,Yakijo,Pago,Aguardando
752,1/10/2026,Faturamento,Animal Paw Print Soap Dispenser,23,80,Roombo,Atrasado,Em Rota
753,4/27/2026,Faturamento,Chicken Fajita Kit,99,22,Voonder,Atrasado,Em Rota
754,12/19/2025,Faturamento,Window A/C Unit,53,32,Abatz,Atrasado,Aguardando
755,1/17/2026,Faturamento,Spiced Pumpkin Soup,84,32,Eimbee,Atrasado,Em Rota
756,12/29/2025,Faturamento,Blue Denim Jeans,32,38,Quinu,Pendente,Em Rota
757,12/31/2025,Compras,Portable Massage Gun,5,98,Brainsphere,Pendente,Em Rota
758,4/9/2026,Faturamento,Coffee Maker,48,85,Talane,Pago,Em Rota
759,2/28/2026,Faturamento,LED Desk Lamp with USB Charging,73,41,Browsebug,Atrasado,Em Rota
760,8/2/2025,Faturamento,Brownie Bites,62,12,Lazzy,Pendente,Entregue
761,7/27/2025,Compras,Pet Hair Vacuum Attachment,49,80,Miboo,Pendente,Aguardando
762,9/17/2025,Faturamento,Frozen Hash Browns,71,5,Wikizz,Atrasado,Em Rota
763,10/8/2025,Faturamento,Luxe Velvet Blazer,17,92,Buzzshare,Pago,Entregue
764,6/4/2025,Faturamento,Mango Sticky Rice Dessert,94,16,Zava,Pago,Em Rota
765,1/22/2026,Faturamento,Lightweight Backpacking Tent,91,9,Yombu,Pendente,Aguardando
766,1/5/2026,Faturamento,Artisan Bread Loaf,27,21,Livepath,Pago,Entregue
767,4/13/2026,Faturamento,Butternut Squash Ravioli,66,6,Flipopia,Pendente,Entregue
768,2/2/2026,Faturamento,Baked Potato Chips,7,39,Rhynyx,Atrasado,Em Rota
769,7/13/2025,Faturamento,Sweet Cherry Tomatoes,90,68,Chatterpoint,Pago,Aguardando
770,4/19/2026,Compras,Potato Wedge Seasoning,48,57,Trupe,Pendente,Aguardando
771,9/23/2025,Faturamento,Silicone Baking Cups,89,62,Devcast,Pago,Entregue
772,5/7/2025,Compras,Electric Stir Fry Pan,63,52,Quatz,Pago,Aguardando
773,10/24/2025,Compras,Plaid Flannel Shirt,91,20,Zava,Pendente,Aguardando
774,5/11/2025,Compras,Reusable Food Storage Bags,92,45,Oyoyo,Pendente,Aguardando
775,3/7/2026,Compras,Wine Decanter,14,85,Skibox,Pago,Aguardando
776,6/22/2025,Compras,Wireless Earbuds Case,53,83,Kwimbee,Pendente,Aguardando
777,1/26/2026,Faturamento,Tailgating Set,72,31,Dynazzy,Pendente,Em Rota
778,1/29/2026,Faturamento,Yoga Blocks,40,64,Omba,Pendente,Aguardando
779,7/3/2025,Compras,Granola,77,48,Photobug,Atrasado,Aguardando
780,8/21/2025,Faturamento,Elderberry Syrup Kit,48,56,Kamba,Pago,Aguardando
781,5/19/2025,Compras,Kale & Quinoa Salad Mix,21,57,Dabvine,Pago,Entregue
782,11/20/2025,Faturamento,Strawberry Banana Smoothie Pack,78,39,Brightbean,Atrasado,Aguardando
783,7/31/2025,Faturamento,Kale & Quinoa Salad Mix,10,26,Yodo,Pago,Entregue
784,5/1/2025,Compras,Electric Opener for Jars and Bottles,98,77,Blogspan,Pendente,Entregue
785,5/10/2025,Compras,Magnetic Screen Door,29,43,Jabberbean,Pago,Aguardando
786,12/30/2025,Compras,Smashed Avocado with Lime,81,96,Quatz,Pendente,Entregue
787,2/5/2026,Compras,Garlic Herb Grilled Chicken,62,84,Skipfire,Pendente,Em Rota
788,10/7/2025,Faturamento,Honeycrisp Apples,35,79,Camido,Pendente,Aguardando
789,5/29/2025,Compras,Men's Waterproof Hiking Boots,12,57,DabZ,Pendente,Entregue
790,11/5/2025,Faturamento,Folding Backpack Chair,60,13,Livetube,Atrasado,Em Rota
791,1/3/2026,Faturamento,Pumpkin Puree,72,17,Innotype,Atrasado,Entregue
792,8/22/2025,Faturamento,Ginger Turmeric Tea,57,25,Twiyo,Pendente,Entregue
793,1/26/2026,Compras,Savory Pumpkin Soup,59,2,Eidel,Atrasado,Entregue
794,6/25/2025,Compras,Insulated Sport Tumbler,37,16,LiveZ,Pendente,Entregue
795,2/5/2026,Compras,Chili Lime Shrimp,38,64,Quatz,Pendente,Em Rota
796,12/17/2025,Compras,Asian Stir-Fry Kit,70,80,Rhyloo,Atrasado,Em Rota
797,5/14/2025,Compras,Digital Alarm Clock,60,5,Realbuzz,Atrasado,Entregue
798,8/10/2025,Compras,Scented Candles,56,43,Skilith,Pago,Aguardando
799,4/25/2026,Faturamento,Electric Screwdriver,87,35,Lazzy,Atrasado,Aguardando
800,6/4/2025,Compras,Hibiscus Herbal Tea,57,38,Meemm,Atrasado,Aguardando
801,1/1/2026,Compras,Classic Caesar Dressing,10,16,Quinu,Atrasado,Aguardando
802,9/25/2025,Faturamento,Zesty Garlic Marinade,76,65,Devify,Pago,Em Rota
803,7/9/2025,Faturamento,Multi-Purpose Plant Care Tool,2,28,Skipfire,Pendente,Em Rota
804,4/21/2026,Compras,Vintage Button-Down Shirt,81,47,Yodoo,Pendente,Em Rota
805,2/11/2026,Faturamento,Silicone Baking Mat Set,12,81,Oba,Pendente,Em Rota
806,10/31/2025,Compras,Organic Baby Spinach,31,28,Thoughtworks,Pendente,Aguardando
807,10/29/2025,Faturamento,Portable Laptop Table,74,24,Photofeed,Atrasado,Em Rota
808,1/20/2026,Faturamento,Non-Stick Grill Pan,3,3,Kwinu,Atrasado,Aguardando
809,3/14/2026,Faturamento,Pumpkin Spice Cookies,18,23,Eazzy,Atrasado,Em Rota
810,8/12/2025,Faturamento,Organic Green Lentils,78,2,Oyoyo,Atrasado,Entregue
811,7/31/2025,Compras,Mini Pretzels,58,86,Feedspan,Atrasado,Entregue
812,9/22/2025,Compras,Vegetable Stock,96,46,Meetz,Pago,Em Rota
813,8/24/2025,Compras,Spicy Tuna Rolls,18,71,Ainyx,Pendente,Aguardando
814,4/28/2026,Compras,Magic Color-Changing Mug,75,65,Browseblab,Pago,Aguardando
815,12/10/2025,Faturamento,Asian Stir-Fry Vegetables,19,20,LiveZ,Pago,Aguardando
816,8/22/2025,Compras,Gingerbread House Kit,39,93,Realmix,Pago,Entregue
817,2/13/2026,Compras,Cranberry Almond Cookies,36,40,Jetpulse,Pendente,Aguardando
818,8/18/2025,Faturamento,Travel Luggage Scale,89,22,Twinder,Pago,Entregue
819,11/30/2025,Faturamento,Microfiber Cleaning Cloths,7,51,Browsedrive,Pendente,Aguardando
820,9/8/2025,Faturamento,Reusable Snack Bags,78,20,Jabberbean,Pendente,Entregue
821,7/6/2025,Compras,Bicycle Repair Kit,34,21,InnoZ,Pendente,Em Rota
822,8/2/2025,Faturamento,Throw Pillow Covers,41,54,Browsedrive,Pago,Entregue
823,2/8/2026,Faturamento,Pet Hair Removal Brush,81,59,Trunyx,Pago,Aguardando
824,6/20/2025,Faturamento,Pepperoni Pizza Rolls,32,69,Meezzy,Pendente,Em Rota
825,7/13/2025,Faturamento,Kids' Gardening Kit,20,55,Rhycero,Pago,Aguardando
826,11/2/2025,Compras,Mayonnaise,51,26,Zooxo,Pago,Entregue
827,10/22/2025,Faturamento,Beef Jerky,94,25,Bubblemix,Atrasado,Entregue
828,12/13/2025,Faturamento,Eco-Friendly Yoga Blocks,12,59,Edgewire,Atrasado,Entregue
829,9/2/2025,Compras,Black Bean Spaghetti,66,45,Rooxo,Pago,Entregue
830,11/18/2025,Faturamento,Essential Oil Roller Bottles,12,90,Skivee,Atrasado,Em Rota
831,10/3/2025,Faturamento,Digital Food Thermometer,58,28,Browsetype,Pendente,Aguardando
832,8/7/2025,Compras,Bock Beer Mustard,59,68,Eabox,Pendente,Aguardando
833,3/25/2026,Faturamento,Chili Beans in Sauce,58,4,Dabtype,Pago,Em Rota
834,1/3/2026,Compras,Puzzle Mat,80,29,Twitterworks,Pago,Entregue
835,4/6/2026,Compras,Wireless Game Controller,39,35,Kazu,Atrasado,Entregue
836,5/11/2025,Faturamento,Slim Fit Chinos,59,85,Fivechat,Atrasado,Entregue
837,6/19/2025,Compras,Wireless Earbuds Case,19,14,Rooxo,Atrasado,Aguardando
838,8/11/2025,Compras,Pomegranate Juice,60,68,Twinte,Pendente,Aguardando
839,12/27/2025,Faturamento,Chipotle Sauce,70,45,Zoovu,Pendente,Entregue
840,5/14/2025,Faturamento,Mini Food Processor,59,24,Devpulse,Atrasado,Em Rota
841,10/20/2025,Compras,Digital Stopwatch Timer,16,35,Voolia,Atrasado,Aguardando
842,2/9/2026,Compras,Chipotle Lime Salsa,100,15,Kwinu,Pago,Entregue
843,11/27/2025,Faturamento,Nutritional Yeast,94,22,Kimia,Pago,Aguardando
844,11/21/2025,Compras,Electric Stir Fry Pan,8,78,Zoomlounge,Pendente,Entregue
845,6/14/2025,Compras,Herb Seasoned Rice,96,11,Zava,Atrasado,Em Rota
846,10/17/2025,Compras,Kids' Educational Tablet,24,74,Quatz,Pendente,Entregue
847,8/27/2025,Compras,Chickpeas,39,19,Meembee,Pendente,Aguardando
848,3/9/2026,Compras,Watercolor Paint Set,12,30,Thoughtsphere,Pago,Entregue
849,3/17/2026,Faturamento,Vegetable Stock,80,14,Buzzshare,Pago,Em Rota
850,6/23/2025,Compras,Compact Refrigerator,72,54,Meedoo,Pendente,Entregue
851,10/27/2025,Faturamento,Leather Notebook Cover,85,9,Flipopia,Pago,Aguardando
852,1/24/2026,Compras,Sunglasses,54,94,Avamba,Atrasado,Entregue
853,4/7/2026,Compras,Electric Skillet,55,32,Zooxo,Pendente,Em Rota
854,2/17/2026,Compras,Frozen Berry Blend,21,50,Skinder,Atrasado,Entregue
855,5/28/2025,Compras,Pepperoni Pizza Rolls,72,7,Brightdog,Pago,Aguardando
856,7/26/2025,Compras,Striped Long Sleeve Shirt,12,10,Zava,Pendente,Aguardando
857,6/11/2025,Compras,Avocado Lime Dressing,46,100,Browsezoom,Pendente,Aguardando
858,4/8/2026,Faturamento,Athletic Compression Tights,83,18,Voolith,Pago,Entregue
859,9/21/2025,Compras,Greek Yogurt Parfait,74,56,Shufflebeat,Pago,Entregue
860,11/14/2025,Faturamento,Electric Food Slicer,93,7,Gigaclub,Atrasado,Entregue
861,1/14/2026,Faturamento,Kids' Activity Book,19,62,Latz,Pendente,Em Rota
862,8/20/2025,Faturamento,Sliced Cucumbers,59,31,Digitube,Atrasado,Em Rota
863,12/22/2025,Faturamento,Pumpkin Puree,5,37,Kwideo,Atrasado,Em Rota
864,7/26/2025,Compras,Herb Seasoned Rice,51,43,Innojam,Atrasado,Em Rota
865,8/5/2025,Faturamento,Weighted Blanket for Adults,53,55,Brainverse,Pendente,Em Rota
866,8/22/2025,Compras,Oatmeal Raisin Cookies,21,99,Fliptune,Pago,Aguardando
867,10/5/2025,Faturamento,Heavy Duty Gardening Tool Set,21,94,Meezzy,Pendente,Em Rota
868,1/22/2026,Compras,Fresh Basil Pesto,20,41,Oyoyo,Pendente,Aguardando
869,10/26/2025,Faturamento,Insulated Wine Tote,44,36,Quire,Atrasado,Aguardando
870,2/14/2026,Compras,Butternut Squash Ravioli,79,84,Edgeify,Pendente,Em Rota
871,2/15/2026,Faturamento,Portable Leaf Blower,70,16,Zoonder,Pendente,Aguardando
872,9/11/2025,Compras,Deep Tissue Massage Gun,44,3,Jayo,Atrasado,Em Rota
873,12/21/2025,Faturamento,Cereal Dispenser with Portion Control,31,99,Trilith,Atrasado,Em Rota
874,7/12/2025,Compras,High-Quality Yoga Mat,18,14,Viva,Atrasado,Aguardando
875,6/2/2025,Faturamento,Pleated Midi Dress,15,74,Trudoo,Atrasado,Em Rota
876,3/12/2026,Faturamento,Dual Function Electric Skillet,6,74,Npath,Atrasado,Em Rota
877,2/7/2026,Faturamento,Backpack,81,24,Photobug,Pendente,Em Rota
878,7/12/2025,Compras,Barbecue Chicken Pizza,78,18,Oyoloo,Pago,Entregue
879,2/6/2026,Compras,Travel Eye Mask with Ear Plugs,54,6,Eidel,Pendente,Aguardando
880,8/10/2025,Compras,Electric Heat Pad,70,51,Flashspan,Pendente,Entregue
881,5/10/2025,Compras,Sriracha Sauce,30,11,Innojam,Pendente,Aguardando
882,9/13/2025,Faturamento,Digital Drawing Tablet,35,12,Feedfish,Pendente,Em Rota
883,8/9/2025,Compras,Creamy Garlic Dressing,40,38,Vitz,Atrasado,Entregue
884,4/28/2026,Compras,Vegan Mac & Cheese,6,80,Blogtags,Atrasado,Em Rota
885,4/6/2026,Faturamento,Ice Cream Scoop,100,27,Buzzster,Pago,Em Rota
886,11/26/2025,Faturamento,Saffron Rice Mix,46,11,Voonyx,Pendente,Entregue
887,9/13/2025,Compras,Foam Muscle Roller,76,38,Oyoba,Atrasado,Em Rota
888,9/29/2025,Compras,Cordless Water Flosser,22,1,Jaxworks,Pendente,Entregue
889,4/10/2026,Compras,Smart Wi-Fi Camera,91,92,Twitterbeat,Atrasado,Em Rota
890,3/4/2026,Compras,Organic Green Lentils,30,64,Dynabox,Atrasado,Em Rota
891,6/30/2025,Faturamento,Cranberry Almond Granola,98,82,Eimbee,Atrasado,Em Rota
892,1/13/2026,Compras,Solar String Lights,39,53,Browsedrive,Pago,Em Rota
893,2/8/2026,Faturamento,Outdoor Adventure Backpack,72,56,Tambee,Atrasado,Em Rota
894,11/21/2025,Faturamento,Pet Nail Clipper,24,63,Linkbuzz,Atrasado,Aguardando
895,4/1/2026,Faturamento,Pet Camera with Treat Dispenser,75,99,Twitterbridge,Pendente,Entregue
896,9/3/2025,Faturamento,Sunflower Seeds,65,16,Skidoo,Atrasado,Em Rota
897,10/6/2025,Faturamento,Granola Clusters,95,73,Teklist,Pendente,Aguardando
898,11/14/2025,Faturamento,Cold Brew Coffee Concentrate,85,65,Jabbertype,Pago,Aguardando
899,1/13/2026,Compras,Non-Slip Yoga Socks,5,55,Oodoo,Pago,Aguardando
900,7/5/2025,Compras,Dual Function Electric Skillet,30,70,Cogibox,Pago,Em Rota
901,8/18/2025,Faturamento,Grapes (red),19,86,Kwideo,Pago,Em Rota
902,2/1/2026,Compras,Cauliflower Gnocchi,9,11,Skinix,Atrasado,Em Rota
903,9/30/2025,Faturamento,Multi-Cooker,75,68,Chatterpoint,Atrasado,Entregue
904,8/8/2025,Faturamento,Chickpea Salad Deluxe,28,34,Trunyx,Pago,Em Rota
905,10/16/2025,Compras,Pecan Nuts,43,66,Riffpedia,Atrasado,Em Rota
906,5/23/2025,Compras,Magnetic Whiteboard,48,66,Quaxo,Pendente,Em Rota
907,11/22/2025,Faturamento,Electric Food Steamer,95,45,Zoomzone,Pago,Aguardando
908,2/8/2026,Compras,Wine Glasses,98,61,Gabvine,Atrasado,Aguardando
909,5/25/2025,Compras,Pet Travel Backpack Carrier,58,46,Browsecat,Pago,Entregue
910,10/7/2025,Compras,Travel Jewelry Case,59,12,Skinix,Atrasado,Entregue
911,7/15/2025,Faturamento,Rainbow Veggie Chips,17,84,Plambee,Pendente,Entregue
912,9/5/2025,Faturamento,Spaghetti and Meatball Dinner Kit,4,42,Browsezoom,Atrasado,Aguardando
913,8/11/2025,Faturamento,Spinach Artichoke Dip,22,8,Dynazzy,Pago,Aguardando
914,1/6/2026,Compras,Electric Toothbrush,43,67,Yakitri,Pendente,Em Rota
915,9/25/2025,Compras,Fitness Balance Ball,19,41,Trupe,Atrasado,Em Rota
916,10/16/2025,Compras,Apple Sauce,2,98,Meezzy,Pago,Entregue
917,8/26/2025,Faturamento,Artisan Bread Loaf,48,60,Tagcat,Atrasado,Entregue
918,3/5/2026,Faturamento,Home Office Chair,79,65,Twimm,Pago,Em Rota
919,7/4/2025,Compras,Dark Chocolate Raisins,15,42,Topiclounge,Pendente,Em Rota
920,9/23/2025,Compras,Sweet Corn Fritters,91,44,Buzzdog,Pago,Entregue
921,3/18/2026,Compras,BBQ Lentil Chips,2,52,Jetwire,Atrasado,Entregue
922,8/24/2025,Faturamento,Hibiscus Herbal Tea,86,9,Browsecat,Pendente,Entregue
923,12/2/2025,Compras,Honey Sesame Chicken,14,62,Vitz,Pendente,Aguardando
924,11/22/2025,Compras,Eco-Friendly Yoga Blocks,50,36,Dabtype,Atrasado,Em Rota
925,3/2/2026,Compras,Personal Blender with Travel Cup,80,25,Yodoo,Pendente,Aguardando
926,3/16/2026,Compras,Self-Watering Planter,97,35,Innotype,Pago,Entregue
927,1/17/2026,Compras,Coconut Water,11,90,Skyba,Pago,Aguardando
928,12/19/2025,Faturamento,Coconut Water,25,41,Rhyzio,Atrasado,Aguardando
929,11/4/2025,Compras,Fashionable Scarves Set,70,15,Tagpad,Pendente,Aguardando
930,2/1/2026,Compras,Solar String Lights,69,91,Minyx,Pendente,Aguardando
931,3/20/2026,Compras,Chickpea Salad,57,9,Buzzdog,Pendente,Em Rota
932,6/14/2025,Compras,Car Emergency Kit,12,19,Edgeblab,Pendente,Aguardando
933,11/26/2025,Compras,Greek Feta Cheese,51,66,Oyoloo,Pago,Aguardando
934,3/8/2026,Faturamento,Guitar Tuner,50,83,Photolist,Pago,Aguardando
935,11/2/2025,Faturamento,Pork Tenderloin,4,29,Voonder,Atrasado,Entregue
936,9/4/2025,Faturamento,LED Desk Lamp with USB Charging Port,64,5,Fivechat,Atrasado,Em Rota
937,6/23/2025,Faturamento,Portable Air Conditioner,79,3,Eadel,Pago,Entregue
938,8/22/2025,Faturamento,Sriracha Hot Chili Sauce,100,90,Flipbug,Atrasado,Aguardando
939,2/3/2026,Compras,Foot Massager Machine,6,53,Wordify,Pendente,Em Rota
940,8/17/2025,Faturamento,Wireless Charger,75,44,Eayo,Pago,Entregue
941,10/20/2025,Compras,Cranberry Pecan Granola,92,5,Dynava,Atrasado,Aguardando
942,1/24/2026,Compras,Window A/C Unit,48,93,Mita,Pago,Entregue
943,9/3/2025,Faturamento,Electric Meat Grinder,59,18,Voolith,Pago,Em Rota
944,6/19/2025,Compras,Hummus,13,65,Topiczoom,Pago,Entregue
945,6/27/2025,Faturamento,Interchangeable Watch Bands,37,26,Skyndu,Atrasado,Aguardando
946,1/2/2026,Compras,Beef Tacos,100,26,Bubblebox,Pendente,Aguardando
947,9/1/2025,Faturamento,Smartphone Car Mount with Wireless Charging,21,65,Livefish,Pendente,Entregue
948,1/16/2026,Faturamento,Organic Coconut Oil,32,58,Topicware,Pago,Entregue
949,1/7/2026,Faturamento,Kale and Quinoa Salad,73,53,Abata,Pendente,Entregue
950,8/18/2025,Faturamento,Italian Herbal Seasoning,75,27,Jaxnation,Pendente,Aguardando
951,6/30/2025,Compras,Adjustable Dog Harness,38,3,Browsebug,Atrasado,Aguardando
952,11/25/2025,Compras,Maple Chipotle Glaze,95,70,Cogidoo,Pendente,Em Rota
953,4/28/2026,Faturamento,Lemon Dill Chicken Skewers,88,1,Skipfire,Atrasado,Aguardando
954,1/22/2026,Compras,3D Night Light,92,25,Tazz,Pago,Em Rota
955,11/22/2025,Compras,Folding Table,10,23,Twitternation,Pendente,Em Rota
956,2/23/2026,Compras,Sriracha Chili Sauce,33,32,Gigazoom,Pago,Entregue
957,1/2/2026,Faturamento,Hiking Water Bottle with Filter,95,30,Livetube,Pendente,Entregue
958,2/6/2026,Faturamento,Organic Honeycrisp Apples,12,15,Nlounge,Pago,Entregue
959,3/30/2026,Faturamento,Vegan Taco Seasoning,40,84,Wordware,Atrasado,Aguardando
960,9/25/2025,Compras,Honey Nut Cheerios,72,74,Vipe,Pago,Em Rota
961,9/11/2025,Compras,Brownie Bites,5,43,Jamia,Atrasado,Entregue
962,11/1/2025,Faturamento,Chia Seed Pudding,69,32,Photojam,Pendente,Entregue
963,7/12/2025,Faturamento,Berries Medley,93,59,Dazzlesphere,Pendente,Em Rota
964,4/20/2026,Faturamento,Chili Lime Corn Chips,58,11,Yata,Pago,Entregue
965,1/1/2026,Faturamento,Indestructible Dog Toy,6,41,Skyba,Pago,Entregue
966,2/19/2026,Faturamento,Fitness Tracker Band,96,51,Twinte,Pago,Aguardando
967,4/8/2026,Compras,Cold Brew Coffee Concentrate,28,1,Jazzy,Pendente,Em Rota
968,6/25/2025,Faturamento,Garlic and Herb Rub,68,81,Meevee,Pago,Em Rota
969,12/2/2025,Faturamento,Couscous,23,67,Quimm,Pago,Em Rota
970,7/13/2025,Compras,Satin Slip Dress,97,43,Ailane,Atrasado,Entregue
971,6/26/2025,Faturamento,Fire Roasted Salsa,31,76,Vitz,Atrasado,Em Rota
972,8/19/2025,Compras,Children's Art Set,68,29,Devshare,Pendente,Entregue
973,7/5/2025,Faturamento,Smart Home Hub,35,95,Skidoo,Pago,Em Rota
974,3/4/2026,Compras,Wireless HDMI Receiver,100,87,Edgepulse,Pago,Entregue
975,1/17/2026,Compras,Marinated Artichokes,86,16,Fivebridge,Atrasado,Entregue
976,3/10/2026,Faturamento,Leather Notebook Cover,84,85,Snaptags,Atrasado,Em Rota
977,2/13/2026,Compras,Pumpkin Ice Cream,89,68,Trilia,Pendente,Aguardando
978,7/22/2025,Faturamento,Coconut Curry Sauce,90,93,Avamba,Atrasado,Em Rota
979,2/12/2026,Faturamento,Bluetooth Tracker,67,15,Mudo,Pago,Entregue
980,6/7/2025,Compras,Lemon Basil Pasta Sauce,65,94,Voonix,Atrasado,Entregue
981,3/2/2026,Compras,Puzzle Game Set,81,10,Kwimbee,Atrasado,Em Rota
982,5/17/2025,Faturamento,Coconut Lime Rice,99,13,Avavee,Pago,Em Rota
983,10/14/2025,Faturamento,Luxury Bathrobe,38,87,Meezzy,Pendente,Entregue
984,10/6/2025,Faturamento,Coconut Lime Rice,53,96,Shufflester,Pendente,Entregue
985,9/3/2025,Faturamento,Fruit & Nut Trail Mix,23,82,Aivee,Atrasado,Aguardando
986,1/17/2026,Faturamento,Himalayan Salt Grinder,50,71,Jatri,Pendente,Entregue
987,5/7/2025,Faturamento,Ankle Boots,55,97,Twitterbeat,Atrasado,Em Rota
988,10/17/2025,Faturamento,Pesto Genovese,91,1,Meembee,Pago,Em Rota
989,7/1/2025,Faturamento,Fresh Lemons,64,79,Gigaclub,Pago,Aguardando
990,10/2/2025,Faturamento,Fresh Basil,81,7,Eabox,Pago,Em Rota
991,8/20/2025,Compras,Honey Garlic Chicken,59,28,Zoozzy,Pago,Em Rota
992,9/20/2025,Faturamento,Pecan Pie Filling,88,39,Quatz,Pago,Em Rota
993,6/8/2025,Faturamento,Bluetooth Tracker,96,47,Twinder,Atrasado,Aguardando
994,5/6/2025,Compras,Chili Lime Seasoning,42,35,Zoomzone,Pago,Entregue
995,4/15/2026,Compras,Yoga Mat Carrier,56,19,Photofeed,Pago,Em Rota
996,3/19/2026,Faturamento,Fitness Resistance Bands Kit,35,34,Voonte,Atrasado,Em Rota
997,10/3/2025,Faturamento,Vegan chocolate chip cookies,21,98,Twitterlist,Pendente,Entregue
998,6/7/2025,Compras,Spaghetti Sauce,40,14,Kwilith,Atrasado,Em Rota
999,1/22/2026,Faturamento,Apple Sauce,68,50,Flashset,Pago,Entregue
1000,1/7/2026,Faturamento,Voice-Controlled Speaker,81,22,Podcat,Atrasado,Em Rota
